<annotation>
	<folder />
	<filename>00274_jpg.rf.e0251249c2fa2bf744ea8d1f948b76f1.jpg</filename>
	<path>00274_jpg.rf.e0251249c2fa2bf744ea8d1f948b76f1.jpg</path>
	<source>
		<database>roboflow.ai</database>
	</source>
	<size>
		<width>224</width>
		<height>224</height>
		<depth>3</depth>
	</size>
	<segmented>0</segmented>
	<object>
		<name>helmet</name>
		<pose>Unspecified</pose>
		<truncated>0</truncated>
		<difficult>0</difficult>
		<occluded>0</occluded>
		<bndbox>
			<xmin>74</xmin>
			<xmax>82</xmax>
			<ymin>88</ymin>
			<ymax>107</ymax>
		</bndbox>
	</object>
	<object>
		<name>helmet</name>
		<pose>Unspecified</pose>
		<truncated>0</truncated>
		<difficult>0</difficult>
		<occluded>0</occluded>
		<bndbox>
			<xmin>53</xmin>
			<xmax>61</xmax>
			<ymin>93</ymin>
			<ymax>111</ymax>
		</bndbox>
	</object>
	<object>
		<name>reflective</name>
		<pose>Unspecified</pose>
		<truncated>0</truncated>
		<difficult>0</difficult>
		<occluded>0</occluded>
		<bndbox>
			<xmin>71</xmin>
			<xmax>84</xmax>
			<ymin>105</ymin>
			<ymax>136</ymax>
		</bndbox>
	</object>
	<object>
		<name>reflective</name>
		<pose>Unspecified</pose>
		<truncated>0</truncated>
		<difficult>0</difficult>
		<occluded>0</occluded>
		<bndbox>
			<xmin>50</xmin>
			<xmax>63</xmax>
			<ymin>112</ymin>
			<ymax>143</ymax>
		</bndbox>
	</object>
</annotation>