<annotation>
	<folder />
	<filename>00276_jpg.rf.66bfff9435cf6b6b5a9131b9c42f332b.jpg</filename>
	<path>00276_jpg.rf.66bfff9435cf6b6b5a9131b9c42f332b.jpg</path>
	<source>
		<database>roboflow.ai</database>
	</source>
	<size>
		<width>224</width>
		<height>224</height>
		<depth>3</depth>
	</size>
	<segmented>0</segmented>
	<object>
		<name>not_reflective</name>
		<pose>Unspecified</pose>
		<truncated>0</truncated>
		<difficult>0</difficult>
		<occluded>0</occluded>
		<bndbox>
			<xmin>165</xmin>
			<xmax>225</xmax>
			<ymin>64</ymin>
			<ymax>215</ymax>
		</bndbox>
	</object>
	<object>
		<name>not_helmet</name>
		<pose>Unspecified</pose>
		<truncated>0</truncated>
		<difficult>0</difficult>
		<occluded>0</occluded>
		<bndbox>
			<xmin>171</xmin>
			<xmax>207</xmax>
			<ymin>13</ymin>
			<ymax>79</ymax>
		</bndbox>
	</object>
</annotation>