<annotation>
	<folder />
	<filename>00290_jpg.rf.3ca569554df5006d5d2c045518b1cda1.jpg</filename>
	<path>00290_jpg.rf.3ca569554df5006d5d2c045518b1cda1.jpg</path>
	<source>
		<database>roboflow.ai</database>
	</source>
	<size>
		<width>224</width>
		<height>224</height>
		<depth>3</depth>
	</size>
	<segmented>0</segmented>
	<object>
		<name>helmet</name>
		<pose>Unspecified</pose>
		<truncated>0</truncated>
		<difficult>0</difficult>
		<occluded>0</occluded>
		<bndbox>
			<xmin>126</xmin>
			<xmax>167</xmax>
			<ymin>0</ymin>
			<ymax>72</ymax>
		</bndbox>
	</object>
	<object>
		<name>not_reflective</name>
		<pose>Unspecified</pose>
		<truncated>0</truncated>
		<difficult>0</difficult>
		<occluded>0</occluded>
		<bndbox>
			<xmin>96</xmin>
			<xmax>210</xmax>
			<ymin>66</ymin>
			<ymax>223</ymax>
		</bndbox>
	</object>
</annotation>