<annotation>
	<folder />
	<filename>00291_jpg.rf.ae48a06edc94c03cc72ca94bcac82ed0.jpg</filename>
	<path>00291_jpg.rf.ae48a06edc94c03cc72ca94bcac82ed0.jpg</path>
	<source>
		<database>roboflow.ai</database>
	</source>
	<size>
		<width>224</width>
		<height>224</height>
		<depth>3</depth>
	</size>
	<segmented>0</segmented>
	<object>
		<name>reflective</name>
		<pose>Unspecified</pose>
		<truncated>0</truncated>
		<difficult>0</difficult>
		<occluded>0</occluded>
		<bndbox>
			<xmin>146</xmin>
			<xmax>214</xmax>
			<ymin>63</ymin>
			<ymax>211</ymax>
		</bndbox>
	</object>
	<object>
		<name>helmet</name>
		<pose>Unspecified</pose>
		<truncated>0</truncated>
		<difficult>0</difficult>
		<occluded>0</occluded>
		<bndbox>
			<xmin>137</xmin>
			<xmax>168</xmax>
			<ymin>10</ymin>
			<ymax>70</ymax>
		</bndbox>
	</object>
</annotation>