<annotation>
	<folder />
	<filename>00306_jpg.rf.9e38a5f3ceaaabf99c36c8cdafc20858.jpg</filename>
	<path>00306_jpg.rf.9e38a5f3ceaaabf99c36c8cdafc20858.jpg</path>
	<source>
		<database>roboflow.ai</database>
	</source>
	<size>
		<width>224</width>
		<height>224</height>
		<depth>3</depth>
	</size>
	<segmented>0</segmented>
	<object>
		<name>helmet</name>
		<pose>Unspecified</pose>
		<truncated>0</truncated>
		<difficult>0</difficult>
		<occluded>0</occluded>
		<bndbox>
			<xmin>84</xmin>
			<xmax>132</xmax>
			<ymin>6</ymin>
			<ymax>61</ymax>
		</bndbox>
	</object>
	<object>
		<name>reflective</name>
		<pose>Unspecified</pose>
		<truncated>0</truncated>
		<difficult>0</difficult>
		<occluded>0</occluded>
		<bndbox>
			<xmin>43</xmin>
			<xmax>152</xmax>
			<ymin>62</ymin>
			<ymax>178</ymax>
		</bndbox>
	</object>
</annotation>