<annotation>
	<folder />
	<filename>00342_jpg.rf.2f99942b3361ae3557b4e6d22c78e321.jpg</filename>
	<path>00342_jpg.rf.2f99942b3361ae3557b4e6d22c78e321.jpg</path>
	<source>
		<database>roboflow.ai</database>
	</source>
	<size>
		<width>224</width>
		<height>224</height>
		<depth>3</depth>
	</size>
	<segmented>0</segmented>
	<object>
		<name>helmet</name>
		<pose>Unspecified</pose>
		<truncated>0</truncated>
		<difficult>0</difficult>
		<occluded>0</occluded>
		<bndbox>
			<xmin>144</xmin>
			<xmax>179</xmax>
			<ymin>23</ymin>
			<ymax>84</ymax>
		</bndbox>
	</object>
	<object>
		<name>not_reflective</name>
		<pose>Unspecified</pose>
		<truncated>0</truncated>
		<difficult>0</difficult>
		<occluded>0</occluded>
		<bndbox>
			<xmin>123</xmin>
			<xmax>200</xmax>
			<ymin>82</ymin>
			<ymax>221</ymax>
		</bndbox>
	</object>
</annotation>