<annotation>
	<folder />
	<filename>00354_jpg.rf.3b2e1045e3f47f54040c41ddb8ee1e5b.jpg</filename>
	<path>00354_jpg.rf.3b2e1045e3f47f54040c41ddb8ee1e5b.jpg</path>
	<source>
		<database>roboflow.ai</database>
	</source>
	<size>
		<width>224</width>
		<height>224</height>
		<depth>3</depth>
	</size>
	<segmented>0</segmented>
	<object>
		<name>helmet</name>
		<pose>Unspecified</pose>
		<truncated>0</truncated>
		<difficult>0</difficult>
		<occluded>0</occluded>
		<bndbox>
			<xmin>85</xmin>
			<xmax>154</xmax>
			<ymin>8</ymin>
			<ymax>73</ymax>
		</bndbox>
	</object>
	<object>
		<name>reflective</name>
		<pose>Unspecified</pose>
		<truncated>0</truncated>
		<difficult>0</difficult>
		<occluded>0</occluded>
		<bndbox>
			<xmin>20</xmin>
			<xmax>184</xmax>
			<ymin>67</ymin>
			<ymax>186</ymax>
		</bndbox>
	</object>
</annotation>