<annotation>
	<folder />
	<filename>00398_jpg.rf.74b6088942ec3705974abdef668393dd.jpg</filename>
	<path>00398_jpg.rf.74b6088942ec3705974abdef668393dd.jpg</path>
	<source>
		<database>roboflow.ai</database>
	</source>
	<size>
		<width>224</width>
		<height>224</height>
		<depth>3</depth>
	</size>
	<segmented>0</segmented>
	<object>
		<name>helmet</name>
		<pose>Unspecified</pose>
		<truncated>0</truncated>
		<difficult>0</difficult>
		<occluded>0</occluded>
		<bndbox>
			<xmin>142</xmin>
			<xmax>183</xmax>
			<ymin>17</ymin>
			<ymax>81</ymax>
		</bndbox>
	</object>
	<object>
		<name>reflective</name>
		<pose>Unspecified</pose>
		<truncated>0</truncated>
		<difficult>0</difficult>
		<occluded>0</occluded>
		<bndbox>
			<xmin>89</xmin>
			<xmax>193</xmax>
			<ymin>72</ymin>
			<ymax>208</ymax>
		</bndbox>
	</object>
</annotation>