<annotation>
	<folder />
	<filename>00417_jpg.rf.1ea7209b2e551e0fae32179d8b7bb038.jpg</filename>
	<path>00417_jpg.rf.1ea7209b2e551e0fae32179d8b7bb038.jpg</path>
	<source>
		<database>roboflow.ai</database>
	</source>
	<size>
		<width>224</width>
		<height>224</height>
		<depth>3</depth>
	</size>
	<segmented>0</segmented>
	<object>
		<name>helmet</name>
		<pose>Unspecified</pose>
		<truncated>0</truncated>
		<difficult>0</difficult>
		<occluded>0</occluded>
		<bndbox>
			<xmin>94</xmin>
			<xmax>149</xmax>
			<ymin>4</ymin>
			<ymax>132</ymax>
		</bndbox>
	</object>
	<object>
		<name>not_reflective</name>
		<pose>Unspecified</pose>
		<truncated>0</truncated>
		<difficult>0</difficult>
		<occluded>0</occluded>
		<bndbox>
			<xmin>83</xmin>
			<xmax>186</xmax>
			<ymin>120</ymin>
			<ymax>225</ymax>
		</bndbox>
	</object>
</annotation>