<annotation>
	<folder />
	<filename>00513_jpg.rf.525d284a010d6c6b51060c0f1b39786b.jpg</filename>
	<path>00513_jpg.rf.525d284a010d6c6b51060c0f1b39786b.jpg</path>
	<source>
		<database>roboflow.ai</database>
	</source>
	<size>
		<width>224</width>
		<height>224</height>
		<depth>3</depth>
	</size>
	<segmented>0</segmented>
	<object>
		<name>helmet</name>
		<pose>Unspecified</pose>
		<truncated>0</truncated>
		<difficult>0</difficult>
		<occluded>0</occluded>
		<bndbox>
			<xmin>44</xmin>
			<xmax>92</xmax>
			<ymin>41</ymin>
			<ymax>91</ymax>
		</bndbox>
	</object>
	<object>
		<name>not_reflective</name>
		<pose>Unspecified</pose>
		<truncated>0</truncated>
		<difficult>0</difficult>
		<occluded>0</occluded>
		<bndbox>
			<xmin>17</xmin>
			<xmax>112</xmax>
			<ymin>89</ymin>
			<ymax>171</ymax>
		</bndbox>
	</object>
</annotation>