<annotation>
	<folder />
	<filename>00558_jpg.rf.1158d05db8f228673fe4988584c80c34.jpg</filename>
	<path>00558_jpg.rf.1158d05db8f228673fe4988584c80c34.jpg</path>
	<source>
		<database>roboflow.ai</database>
	</source>
	<size>
		<width>224</width>
		<height>224</height>
		<depth>3</depth>
	</size>
	<segmented>0</segmented>
	<object>
		<name>not_helmet</name>
		<pose>Unspecified</pose>
		<truncated>0</truncated>
		<difficult>0</difficult>
		<occluded>0</occluded>
		<bndbox>
			<xmin>116</xmin>
			<xmax>140</xmax>
			<ymin>58</ymin>
			<ymax>108</ymax>
		</bndbox>
	</object>
	<object>
		<name>not_reflective</name>
		<pose>Unspecified</pose>
		<truncated>0</truncated>
		<difficult>0</difficult>
		<occluded>0</occluded>
		<bndbox>
			<xmin>96</xmin>
			<xmax>139</xmax>
			<ymin>100</ymin>
			<ymax>196</ymax>
		</bndbox>
	</object>
</annotation>