<annotation>
	<folder />
	<filename>00553_jpg.rf.9f36dfab339cfb7be4a455a0d602d143.jpg</filename>
	<path>00553_jpg.rf.9f36dfab339cfb7be4a455a0d602d143.jpg</path>
	<source>
		<database>roboflow.ai</database>
	</source>
	<size>
		<width>224</width>
		<height>224</height>
		<depth>3</depth>
	</size>
	<segmented>0</segmented>
	<object>
		<name>helmet</name>
		<pose>Unspecified</pose>
		<truncated>0</truncated>
		<difficult>0</difficult>
		<occluded>0</occluded>
		<bndbox>
			<xmin>86</xmin>
			<xmax>130</xmax>
			<ymin>36</ymin>
			<ymax>123</ymax>
		</bndbox>
	</object>
	<object>
		<name>not_reflective</name>
		<pose>Unspecified</pose>
		<truncated>0</truncated>
		<difficult>0</difficult>
		<occluded>0</occluded>
		<bndbox>
			<xmin>37</xmin>
			<xmax>180</xmax>
			<ymin>91</ymin>
			<ymax>210</ymax>
		</bndbox>
	</object>
</annotation>