<annotation>
	<folder />
	<filename>00561_jpg.rf.1269e43fa970b117836abd0e5050e133.jpg</filename>
	<path>00561_jpg.rf.1269e43fa970b117836abd0e5050e133.jpg</path>
	<source>
		<database>roboflow.ai</database>
	</source>
	<size>
		<width>224</width>
		<height>224</height>
		<depth>3</depth>
	</size>
	<segmented>0</segmented>
	<object>
		<name>helmet</name>
		<pose>Unspecified</pose>
		<truncated>0</truncated>
		<difficult>0</difficult>
		<occluded>0</occluded>
		<bndbox>
			<xmin>97</xmin>
			<xmax>114</xmax>
			<ymin>20</ymin>
			<ymax>53</ymax>
		</bndbox>
	</object>
	<object>
		<name>not_reflective</name>
		<pose>Unspecified</pose>
		<truncated>0</truncated>
		<difficult>0</difficult>
		<occluded>0</occluded>
		<bndbox>
			<xmin>80</xmin>
			<xmax>121</xmax>
			<ymin>44</ymin>
			<ymax>106</ymax>
		</bndbox>
	</object>
</annotation>