<annotation>
	<folder />
	<filename>00570_jpg.rf.6827df4e9f41081f3ffcf410e596c82f.jpg</filename>
	<path>00570_jpg.rf.6827df4e9f41081f3ffcf410e596c82f.jpg</path>
	<source>
		<database>roboflow.ai</database>
	</source>
	<size>
		<width>224</width>
		<height>224</height>
		<depth>3</depth>
	</size>
	<segmented>0</segmented>
	<object>
		<name>helmet</name>
		<pose>Unspecified</pose>
		<truncated>0</truncated>
		<difficult>0</difficult>
		<occluded>0</occluded>
		<bndbox>
			<xmin>91</xmin>
			<xmax>111</xmax>
			<ymin>120</ymin>
			<ymax>155</ymax>
		</bndbox>
	</object>
	<object>
		<name>not_reflective</name>
		<pose>Unspecified</pose>
		<truncated>0</truncated>
		<difficult>0</difficult>
		<occluded>0</occluded>
		<bndbox>
			<xmin>84</xmin>
			<xmax>128</xmax>
			<ymin>152</ymin>
			<ymax>213</ymax>
		</bndbox>
	</object>
</annotation>