<annotation>
	<folder />
	<filename>00578_jpg.rf.d1714ba201245673f7c1f54c6d6640f4.jpg</filename>
	<path>00578_jpg.rf.d1714ba201245673f7c1f54c6d6640f4.jpg</path>
	<source>
		<database>roboflow.ai</database>
	</source>
	<size>
		<width>224</width>
		<height>224</height>
		<depth>3</depth>
	</size>
	<segmented>0</segmented>
	<object>
		<name>helmet</name>
		<pose>Unspecified</pose>
		<truncated>0</truncated>
		<difficult>0</difficult>
		<occluded>0</occluded>
		<bndbox>
			<xmin>120</xmin>
			<xmax>171</xmax>
			<ymin>37</ymin>
			<ymax>79</ymax>
		</bndbox>
	</object>
	<object>
		<name>not_reflective</name>
		<pose>Unspecified</pose>
		<truncated>0</truncated>
		<difficult>0</difficult>
		<occluded>0</occluded>
		<bndbox>
			<xmin>112</xmin>
			<xmax>214</xmax>
			<ymin>71</ymin>
			<ymax>150</ymax>
		</bndbox>
	</object>
</annotation>