<annotation>
	<folder />
	<filename>00587_jpg.rf.c9fc30b99d1caff7f8ebfd414397ca62.jpg</filename>
	<path>00587_jpg.rf.c9fc30b99d1caff7f8ebfd414397ca62.jpg</path>
	<source>
		<database>roboflow.ai</database>
	</source>
	<size>
		<width>224</width>
		<height>224</height>
		<depth>3</depth>
	</size>
	<segmented>0</segmented>
	<object>
		<name>reflective</name>
		<pose>Unspecified</pose>
		<truncated>0</truncated>
		<difficult>0</difficult>
		<occluded>0</occluded>
		<bndbox>
			<xmin>109</xmin>
			<xmax>165</xmax>
			<ymin>85</ymin>
			<ymax>203</ymax>
		</bndbox>
	</object>
	<object>
		<name>reflective</name>
		<pose>Unspecified</pose>
		<truncated>0</truncated>
		<difficult>0</difficult>
		<occluded>0</occluded>
		<bndbox>
			<xmin>33</xmin>
			<xmax>93</xmax>
			<ymin>80</ymin>
			<ymax>225</ymax>
		</bndbox>
	</object>
	<object>
		<name>helmet</name>
		<pose>Unspecified</pose>
		<truncated>0</truncated>
		<difficult>0</difficult>
		<occluded>0</occluded>
		<bndbox>
			<xmin>54</xmin>
			<xmax>91</xmax>
			<ymin>20</ymin>
			<ymax>85</ymax>
		</bndbox>
	</object>
	<object>
		<name>helmet</name>
		<pose>Unspecified</pose>
		<truncated>0</truncated>
		<difficult>0</difficult>
		<occluded>0</occluded>
		<bndbox>
			<xmin>125</xmin>
			<xmax>158</xmax>
			<ymin>26</ymin>
			<ymax>83</ymax>
		</bndbox>
	</object>
</annotation>