<annotation>
	<folder />
	<filename>00599_jpg.rf.6ba355ca3cbe1e821a63ada6998f31bd.jpg</filename>
	<path>00599_jpg.rf.6ba355ca3cbe1e821a63ada6998f31bd.jpg</path>
	<source>
		<database>roboflow.ai</database>
	</source>
	<size>
		<width>224</width>
		<height>224</height>
		<depth>3</depth>
	</size>
	<segmented>0</segmented>
	<object>
		<name>helmet</name>
		<pose>Unspecified</pose>
		<truncated>0</truncated>
		<difficult>0</difficult>
		<occluded>0</occluded>
		<bndbox>
			<xmin>50</xmin>
			<xmax>97</xmax>
			<ymin>8</ymin>
			<ymax>97</ymax>
		</bndbox>
	</object>
	<object>
		<name>helmet</name>
		<pose>Unspecified</pose>
		<truncated>0</truncated>
		<difficult>0</difficult>
		<occluded>0</occluded>
		<bndbox>
			<xmin>114</xmin>
			<xmax>159</xmax>
			<ymin>23</ymin>
			<ymax>109</ymax>
		</bndbox>
	</object>
	<object>
		<name>reflective</name>
		<pose>Unspecified</pose>
		<truncated>0</truncated>
		<difficult>0</difficult>
		<occluded>0</occluded>
		<bndbox>
			<xmin>13</xmin>
			<xmax>117</xmax>
			<ymin>82</ymin>
			<ymax>224</ymax>
		</bndbox>
	</object>
	<object>
		<name>reflective</name>
		<pose>Unspecified</pose>
		<truncated>0</truncated>
		<difficult>0</difficult>
		<occluded>0</occluded>
		<bndbox>
			<xmin>101</xmin>
			<xmax>190</xmax>
			<ymin>109</ymin>
			<ymax>224</ymax>
		</bndbox>
	</object>
</annotation>