<annotation>
	<folder />
	<filename>00614_jpg.rf.c202b65ab9c66d8144916d3914620037.jpg</filename>
	<path>00614_jpg.rf.c202b65ab9c66d8144916d3914620037.jpg</path>
	<source>
		<database>roboflow.ai</database>
	</source>
	<size>
		<width>224</width>
		<height>224</height>
		<depth>3</depth>
	</size>
	<segmented>0</segmented>
	<object>
		<name>helmet</name>
		<pose>Unspecified</pose>
		<truncated>0</truncated>
		<difficult>0</difficult>
		<occluded>0</occluded>
		<bndbox>
			<xmin>89</xmin>
			<xmax>140</xmax>
			<ymin>61</ymin>
			<ymax>160</ymax>
		</bndbox>
	</object>
	<object>
		<name>not_reflective</name>
		<pose>Unspecified</pose>
		<truncated>0</truncated>
		<difficult>0</difficult>
		<occluded>0</occluded>
		<bndbox>
			<xmin>82</xmin>
			<xmax>224</xmax>
			<ymin>157</ymin>
			<ymax>224</ymax>
		</bndbox>
	</object>
</annotation>