<annotation>
	<folder />
	<filename>00619_jpg.rf.69d2ea953c54c7c3e0a022e939a83165.jpg</filename>
	<path>00619_jpg.rf.69d2ea953c54c7c3e0a022e939a83165.jpg</path>
	<source>
		<database>roboflow.ai</database>
	</source>
	<size>
		<width>224</width>
		<height>224</height>
		<depth>3</depth>
	</size>
	<segmented>0</segmented>
	<object>
		<name>helmet</name>
		<pose>Unspecified</pose>
		<truncated>0</truncated>
		<difficult>0</difficult>
		<occluded>0</occluded>
		<bndbox>
			<xmin>134</xmin>
			<xmax>165</xmax>
			<ymin>22</ymin>
			<ymax>69</ymax>
		</bndbox>
	</object>
	<object>
		<name>reflective</name>
		<pose>Unspecified</pose>
		<truncated>0</truncated>
		<difficult>0</difficult>
		<occluded>0</occluded>
		<bndbox>
			<xmin>124</xmin>
			<xmax>166</xmax>
			<ymin>66</ymin>
			<ymax>178</ymax>
		</bndbox>
	</object>
</annotation>