<annotation>
	<folder />
	<filename>00638_jpg.rf.d9410a2af2f6d6f3e3dbed275e3d1aa6.jpg</filename>
	<path>00638_jpg.rf.d9410a2af2f6d6f3e3dbed275e3d1aa6.jpg</path>
	<source>
		<database>roboflow.ai</database>
	</source>
	<size>
		<width>224</width>
		<height>224</height>
		<depth>3</depth>
	</size>
	<segmented>0</segmented>
	<object>
		<name>helmet</name>
		<pose>Unspecified</pose>
		<truncated>0</truncated>
		<difficult>0</difficult>
		<occluded>0</occluded>
		<bndbox>
			<xmin>89</xmin>
			<xmax>121</xmax>
			<ymin>44</ymin>
			<ymax>147</ymax>
		</bndbox>
	</object>
	<object>
		<name>reflective</name>
		<pose>Unspecified</pose>
		<truncated>0</truncated>
		<difficult>0</difficult>
		<occluded>0</occluded>
		<bndbox>
			<xmin>67</xmin>
			<xmax>132</xmax>
			<ymin>138</ymin>
			<ymax>224</ymax>
		</bndbox>
	</object>
</annotation>