<annotation>
	<folder />
	<filename>00636_jpg.rf.9cb50a53e8c1984ea7138c7e332bab7f.jpg</filename>
	<path>00636_jpg.rf.9cb50a53e8c1984ea7138c7e332bab7f.jpg</path>
	<source>
		<database>roboflow.ai</database>
	</source>
	<size>
		<width>224</width>
		<height>224</height>
		<depth>3</depth>
	</size>
	<segmented>0</segmented>
	<object>
		<name>helmet</name>
		<pose>Unspecified</pose>
		<truncated>0</truncated>
		<difficult>0</difficult>
		<occluded>0</occluded>
		<bndbox>
			<xmin>112</xmin>
			<xmax>153</xmax>
			<ymin>16</ymin>
			<ymax>90</ymax>
		</bndbox>
	</object>
	<object>
		<name>not_reflective</name>
		<pose>Unspecified</pose>
		<truncated>0</truncated>
		<difficult>0</difficult>
		<occluded>0</occluded>
		<bndbox>
			<xmin>79</xmin>
			<xmax>186</xmax>
			<ymin>82</ymin>
			<ymax>224</ymax>
		</bndbox>
	</object>
</annotation>