<annotation>
	<folder />
	<filename>00674_jpg.rf.e73e2e6668e5d7eb68f2d7cbc0a28c51.jpg</filename>
	<path>00674_jpg.rf.e73e2e6668e5d7eb68f2d7cbc0a28c51.jpg</path>
	<source>
		<database>roboflow.ai</database>
	</source>
	<size>
		<width>224</width>
		<height>224</height>
		<depth>3</depth>
	</size>
	<segmented>0</segmented>
	<object>
		<name>helmet</name>
		<pose>Unspecified</pose>
		<truncated>0</truncated>
		<difficult>0</difficult>
		<occluded>0</occluded>
		<bndbox>
			<xmin>118</xmin>
			<xmax>163</xmax>
			<ymin>57</ymin>
			<ymax>155</ymax>
		</bndbox>
	</object>
	<object>
		<name>reflective</name>
		<pose>Unspecified</pose>
		<truncated>0</truncated>
		<difficult>0</difficult>
		<occluded>0</occluded>
		<bndbox>
			<xmin>105</xmin>
			<xmax>186</xmax>
			<ymin>159</ymin>
			<ymax>224</ymax>
		</bndbox>
	</object>
</annotation>