<annotation>
	<folder />
	<filename>00738_jpg.rf.f9b68ac34b8bcd311b46208508f727ec.jpg</filename>
	<path>00738_jpg.rf.f9b68ac34b8bcd311b46208508f727ec.jpg</path>
	<source>
		<database>roboflow.ai</database>
	</source>
	<size>
		<width>224</width>
		<height>224</height>
		<depth>3</depth>
	</size>
	<segmented>0</segmented>
	<object>
		<name>not_helmet</name>
		<pose>Unspecified</pose>
		<truncated>0</truncated>
		<difficult>0</difficult>
		<occluded>0</occluded>
		<bndbox>
			<xmin>19</xmin>
			<xmax>24</xmax>
			<ymin>97</ymin>
			<ymax>107</ymax>
		</bndbox>
	</object>
	<object>
		<name>helmet</name>
		<pose>Unspecified</pose>
		<truncated>0</truncated>
		<difficult>0</difficult>
		<occluded>0</occluded>
		<bndbox>
			<xmin>63</xmin>
			<xmax>68</xmax>
			<ymin>101</ymin>
			<ymax>115</ymax>
		</bndbox>
	</object>
	<object>
		<name>helmet</name>
		<pose>Unspecified</pose>
		<truncated>0</truncated>
		<difficult>0</difficult>
		<occluded>0</occluded>
		<bndbox>
			<xmin>109</xmin>
			<xmax>118</xmax>
			<ymin>98</ymin>
			<ymax>119</ymax>
		</bndbox>
	</object>
	<object>
		<name>not_helmet</name>
		<pose>Unspecified</pose>
		<truncated>0</truncated>
		<difficult>0</difficult>
		<occluded>0</occluded>
		<bndbox>
			<xmin>216</xmin>
			<xmax>224</xmax>
			<ymin>84</ymin>
			<ymax>137</ymax>
		</bndbox>
	</object>
	<object>
		<name>not_helmet</name>
		<pose>Unspecified</pose>
		<truncated>0</truncated>
		<difficult>0</difficult>
		<occluded>0</occluded>
		<bndbox>
			<xmin>95</xmin>
			<xmax>101</xmax>
			<ymin>105</ymin>
			<ymax>119</ymax>
		</bndbox>
	</object>
	<object>
		<name>not_reflective</name>
		<pose>Unspecified</pose>
		<truncated>0</truncated>
		<difficult>0</difficult>
		<occluded>0</occluded>
		<bndbox>
			<xmin>18</xmin>
			<xmax>25</xmax>
			<ymin>106</ymin>
			<ymax>131</ymax>
		</bndbox>
	</object>
	<object>
		<name>not_reflective</name>
		<pose>Unspecified</pose>
		<truncated>0</truncated>
		<difficult>0</difficult>
		<occluded>0</occluded>
		<bndbox>
			<xmin>60</xmin>
			<xmax>68</xmax>
			<ymin>114</ymin>
			<ymax>137</ymax>
		</bndbox>
	</object>
	<object>
		<name>not_reflective</name>
		<pose>Unspecified</pose>
		<truncated>0</truncated>
		<difficult>0</difficult>
		<occluded>0</occluded>
		<bndbox>
			<xmin>90</xmin>
			<xmax>103</xmax>
			<ymin>117</ymin>
			<ymax>148</ymax>
		</bndbox>
	</object>
	<object>
		<name>not_reflective</name>
		<pose>Unspecified</pose>
		<truncated>0</truncated>
		<difficult>0</difficult>
		<occluded>0</occluded>
		<bndbox>
			<xmin>103</xmin>
			<xmax>121</xmax>
			<ymin>119</ymin>
			<ymax>158</ymax>
		</bndbox>
	</object>
	<object>
		<name>not_reflective</name>
		<pose>Unspecified</pose>
		<truncated>0</truncated>
		<difficult>0</difficult>
		<occluded>0</occluded>
		<bndbox>
			<xmin>200</xmin>
			<xmax>224</xmax>
			<ymin>133</ymin>
			<ymax>224</ymax>
		</bndbox>
	</object>
</annotation>