<annotation>
	<folder />
	<filename>00932_jpg.rf.53fd33122f43d8f8c37e8d2d8ab7456a.jpg</filename>
	<path>00932_jpg.rf.53fd33122f43d8f8c37e8d2d8ab7456a.jpg</path>
	<source>
		<database>roboflow.ai</database>
	</source>
	<size>
		<width>224</width>
		<height>224</height>
		<depth>3</depth>
	</size>
	<segmented>0</segmented>
	<object>
		<name>not_reflective</name>
		<pose>Unspecified</pose>
		<truncated>0</truncated>
		<difficult>0</difficult>
		<occluded>0</occluded>
		<bndbox>
			<xmin>91</xmin>
			<xmax>157</xmax>
			<ymin>100</ymin>
			<ymax>209</ymax>
		</bndbox>
	</object>
	<object>
		<name>helmet</name>
		<pose>Unspecified</pose>
		<truncated>0</truncated>
		<difficult>0</difficult>
		<occluded>0</occluded>
		<bndbox>
			<xmin>108</xmin>
			<xmax>139</xmax>
			<ymin>56</ymin>
			<ymax>97</ymax>
		</bndbox>
	</object>
</annotation>