<annotation>
	<folder />
	<filename>00977_jpg.rf.f5d055814ef8d0652da8c7278a397972.jpg</filename>
	<path>00977_jpg.rf.f5d055814ef8d0652da8c7278a397972.jpg</path>
	<source>
		<database>roboflow.ai</database>
	</source>
	<size>
		<width>224</width>
		<height>224</height>
		<depth>3</depth>
	</size>
	<segmented>0</segmented>
	<object>
		<name>helmet</name>
		<pose>Unspecified</pose>
		<truncated>0</truncated>
		<difficult>0</difficult>
		<occluded>0</occluded>
		<bndbox>
			<xmin>102</xmin>
			<xmax>117</xmax>
			<ymin>42</ymin>
			<ymax>70</ymax>
		</bndbox>
	</object>
	<object>
		<name>not_reflective</name>
		<pose>Unspecified</pose>
		<truncated>0</truncated>
		<difficult>0</difficult>
		<occluded>0</occluded>
		<bndbox>
			<xmin>94</xmin>
			<xmax>125</xmax>
			<ymin>69</ymin>
			<ymax>114</ymax>
		</bndbox>
	</object>
</annotation>