<annotation>
	<folder />
	<filename>01016_jpg.rf.5ebfb3c010c1ce14e6c1d28ce354254a.jpg</filename>
	<path>01016_jpg.rf.5ebfb3c010c1ce14e6c1d28ce354254a.jpg</path>
	<source>
		<database>roboflow.ai</database>
	</source>
	<size>
		<width>224</width>
		<height>224</height>
		<depth>3</depth>
	</size>
	<segmented>0</segmented>
	<object>
		<name>helmet</name>
		<pose>Unspecified</pose>
		<truncated>0</truncated>
		<difficult>0</difficult>
		<occluded>0</occluded>
		<bndbox>
			<xmin>141</xmin>
			<xmax>177</xmax>
			<ymin>37</ymin>
			<ymax>76</ymax>
		</bndbox>
	</object>
	<object>
		<name>helmet</name>
		<pose>Unspecified</pose>
		<truncated>0</truncated>
		<difficult>0</difficult>
		<occluded>0</occluded>
		<bndbox>
			<xmin>27</xmin>
			<xmax>58</xmax>
			<ymin>45</ymin>
			<ymax>93</ymax>
		</bndbox>
	</object>
	<object>
		<name>not_helmet</name>
		<pose>Unspecified</pose>
		<truncated>0</truncated>
		<difficult>0</difficult>
		<occluded>0</occluded>
		<bndbox>
			<xmin>130</xmin>
			<xmax>182</xmax>
			<ymin>74</ymin>
			<ymax>174</ymax>
		</bndbox>
	</object>
	<object>
		<name>not_helmet</name>
		<pose>Unspecified</pose>
		<truncated>0</truncated>
		<difficult>0</difficult>
		<occluded>0</occluded>
		<bndbox>
			<xmin>13</xmin>
			<xmax>72</xmax>
			<ymin>92</ymin>
			<ymax>197</ymax>
		</bndbox>
	</object>
</annotation>