<annotation>
	<folder />
	<filename>01101_jpg.rf.cb0a14cc890a82e89d11d1bff296748d.jpg</filename>
	<path>01101_jpg.rf.cb0a14cc890a82e89d11d1bff296748d.jpg</path>
	<source>
		<database>roboflow.ai</database>
	</source>
	<size>
		<width>224</width>
		<height>224</height>
		<depth>3</depth>
	</size>
	<segmented>0</segmented>
	<object>
		<name>not_reflective</name>
		<pose>Unspecified</pose>
		<truncated>0</truncated>
		<difficult>0</difficult>
		<occluded>0</occluded>
		<bndbox>
			<xmin>32</xmin>
			<xmax>75</xmax>
			<ymin>55</ymin>
			<ymax>140</ymax>
		</bndbox>
	</object>
	<object>
		<name>helmet</name>
		<pose>Unspecified</pose>
		<truncated>0</truncated>
		<difficult>0</difficult>
		<occluded>0</occluded>
		<bndbox>
			<xmin>51</xmin>
			<xmax>78</xmax>
			<ymin>19</ymin>
			<ymax>62</ymax>
		</bndbox>
	</object>
</annotation>