<annotation>
	<folder />
	<filename>01129_jpg.rf.ed93d6999ab7f2adfa306d144ddde724.jpg</filename>
	<path>01129_jpg.rf.ed93d6999ab7f2adfa306d144ddde724.jpg</path>
	<source>
		<database>roboflow.ai</database>
	</source>
	<size>
		<width>224</width>
		<height>224</height>
		<depth>3</depth>
	</size>
	<segmented>0</segmented>
	<object>
		<name>helmet</name>
		<pose>Unspecified</pose>
		<truncated>0</truncated>
		<difficult>0</difficult>
		<occluded>0</occluded>
		<bndbox>
			<xmin>55</xmin>
			<xmax>141</xmax>
			<ymin>41</ymin>
			<ymax>116</ymax>
		</bndbox>
	</object>
	<object>
		<name>not_reflective</name>
		<pose>Unspecified</pose>
		<truncated>0</truncated>
		<difficult>0</difficult>
		<occluded>0</occluded>
		<bndbox>
			<xmin>1</xmin>
			<xmax>211</xmax>
			<ymin>111</ymin>
			<ymax>194</ymax>
		</bndbox>
	</object>
</annotation>