<annotation>
	<folder />
	<filename>01164_jpg.rf.a0ab6707a7b7ce3c223cc1e231e1c4b7.jpg</filename>
	<path>01164_jpg.rf.a0ab6707a7b7ce3c223cc1e231e1c4b7.jpg</path>
	<source>
		<database>roboflow.ai</database>
	</source>
	<size>
		<width>224</width>
		<height>224</height>
		<depth>3</depth>
	</size>
	<segmented>0</segmented>
	<object>
		<name>helmet</name>
		<pose>Unspecified</pose>
		<truncated>0</truncated>
		<difficult>0</difficult>
		<occluded>0</occluded>
		<bndbox>
			<xmin>51</xmin>
			<xmax>125</xmax>
			<ymin>22</ymin>
			<ymax>84</ymax>
		</bndbox>
	</object>
	<object>
		<name>not_reflective</name>
		<pose>Unspecified</pose>
		<truncated>0</truncated>
		<difficult>0</difficult>
		<occluded>0</occluded>
		<bndbox>
			<xmin>28</xmin>
			<xmax>179</xmax>
			<ymin>73</ymin>
			<ymax>178</ymax>
		</bndbox>
	</object>
</annotation>