<annotation>
	<folder />
	<filename>01215_jpg.rf.70d7a18ef57439b0447af1b5fccca1e3.jpg</filename>
	<path>01215_jpg.rf.70d7a18ef57439b0447af1b5fccca1e3.jpg</path>
	<source>
		<database>roboflow.ai</database>
	</source>
	<size>
		<width>224</width>
		<height>224</height>
		<depth>3</depth>
	</size>
	<segmented>0</segmented>
	<object>
		<name>helmet</name>
		<pose>Unspecified</pose>
		<truncated>0</truncated>
		<difficult>0</difficult>
		<occluded>0</occluded>
		<bndbox>
			<xmin>158</xmin>
			<xmax>203</xmax>
			<ymin>97</ymin>
			<ymax>131</ymax>
		</bndbox>
	</object>
	<object>
		<name>not_reflective</name>
		<pose>Unspecified</pose>
		<truncated>0</truncated>
		<difficult>0</difficult>
		<occluded>0</occluded>
		<bndbox>
			<xmin>139</xmin>
			<xmax>224</xmax>
			<ymin>126</ymin>
			<ymax>197</ymax>
		</bndbox>
	</object>
</annotation>