<annotation>
	<folder />
	<filename>01268_jpg.rf.7295e376b819153e5c7bfd2d7624771e.jpg</filename>
	<path>01268_jpg.rf.7295e376b819153e5c7bfd2d7624771e.jpg</path>
	<source>
		<database>roboflow.ai</database>
	</source>
	<size>
		<width>224</width>
		<height>224</height>
		<depth>3</depth>
	</size>
	<segmented>0</segmented>
	<object>
		<name>not_reflective</name>
		<pose>Unspecified</pose>
		<truncated>0</truncated>
		<difficult>0</difficult>
		<occluded>0</occluded>
		<bndbox>
			<xmin>6</xmin>
			<xmax>90</xmax>
			<ymin>69</ymin>
			<ymax>216</ymax>
		</bndbox>
	</object>
	<object>
		<name>helmet</name>
		<pose>Unspecified</pose>
		<truncated>0</truncated>
		<difficult>0</difficult>
		<occluded>0</occluded>
		<bndbox>
			<xmin>54</xmin>
			<xmax>91</xmax>
			<ymin>16</ymin>
			<ymax>88</ymax>
		</bndbox>
	</object>
</annotation>