<annotation>
	<folder />
	<filename>01326_jpg.rf.ca7de0eb3a7b103e4195400f42522ab6.jpg</filename>
	<path>01326_jpg.rf.ca7de0eb3a7b103e4195400f42522ab6.jpg</path>
	<source>
		<database>roboflow.ai</database>
	</source>
	<size>
		<width>224</width>
		<height>224</height>
		<depth>3</depth>
	</size>
	<segmented>0</segmented>
	<object>
		<name>helmet</name>
		<pose>Unspecified</pose>
		<truncated>0</truncated>
		<difficult>0</difficult>
		<occluded>0</occluded>
		<bndbox>
			<xmin>85</xmin>
			<xmax>151</xmax>
			<ymin>14</ymin>
			<ymax>131</ymax>
		</bndbox>
	</object>
	<object>
		<name>not_reflective</name>
		<pose>Unspecified</pose>
		<truncated>0</truncated>
		<difficult>0</difficult>
		<occluded>0</occluded>
		<bndbox>
			<xmin>52</xmin>
			<xmax>200</xmax>
			<ymin>131</ymin>
			<ymax>225</ymax>
		</bndbox>
	</object>
</annotation>