<annotation>
	<folder />
	<filename>01489_jpg.rf.56f3ba5b5a989ff5dd43aae29988e9ea.jpg</filename>
	<path>01489_jpg.rf.56f3ba5b5a989ff5dd43aae29988e9ea.jpg</path>
	<source>
		<database>roboflow.ai</database>
	</source>
	<size>
		<width>224</width>
		<height>224</height>
		<depth>3</depth>
	</size>
	<segmented>0</segmented>
	<object>
		<name>not_reflective</name>
		<pose>Unspecified</pose>
		<truncated>0</truncated>
		<difficult>0</difficult>
		<occluded>0</occluded>
		<bndbox>
			<xmin>40</xmin>
			<xmax>119</xmax>
			<ymin>72</ymin>
			<ymax>188</ymax>
		</bndbox>
	</object>
	<object>
		<name>helmet</name>
		<pose>Unspecified</pose>
		<truncated>0</truncated>
		<difficult>0</difficult>
		<occluded>0</occluded>
		<bndbox>
			<xmin>26</xmin>
			<xmax>47</xmax>
			<ymin>151</ymin>
			<ymax>184</ymax>
		</bndbox>
	</object>
	<object>
		<name>not_reflective</name>
		<pose>Unspecified</pose>
		<truncated>0</truncated>
		<difficult>0</difficult>
		<occluded>0</occluded>
		<bndbox>
			<xmin>29</xmin>
			<xmax>68</xmax>
			<ymin>176</ymin>
			<ymax>224</ymax>
		</bndbox>
	</object>
	<object>
		<name>helmet</name>
		<pose>Unspecified</pose>
		<truncated>0</truncated>
		<difficult>0</difficult>
		<occluded>0</occluded>
		<bndbox>
			<xmin>26</xmin>
			<xmax>76</xmax>
			<ymin>1</ymin>
			<ymax>84</ymax>
		</bndbox>
	</object>
</annotation>