<annotation>
	<folder />
	<filename>02054_jpg.rf.5b226361cc0666ff06b41e9982bc9d55.jpg</filename>
	<path>02054_jpg.rf.5b226361cc0666ff06b41e9982bc9d55.jpg</path>
	<source>
		<database>roboflow.ai</database>
	</source>
	<size>
		<width>224</width>
		<height>224</height>
		<depth>3</depth>
	</size>
	<segmented>0</segmented>
	<object>
		<name>reflective</name>
		<pose>Unspecified</pose>
		<truncated>0</truncated>
		<difficult>0</difficult>
		<occluded>0</occluded>
		<bndbox>
			<xmin>146</xmin>
			<xmax>180</xmax>
			<ymin>45</ymin>
			<ymax>128</ymax>
		</bndbox>
	</object>
	<object>
		<name>helmet</name>
		<pose>Unspecified</pose>
		<truncated>0</truncated>
		<difficult>0</difficult>
		<occluded>0</occluded>
		<bndbox>
			<xmin>147</xmin>
			<xmax>169</xmax>
			<ymin>8</ymin>
			<ymax>49</ymax>
		</bndbox>
	</object>
</annotation>