<annotation>
	<folder />
	<filename>02081_jpg.rf.a2ef947d280b9bd637c133bf5c27b604.jpg</filename>
	<path>02081_jpg.rf.a2ef947d280b9bd637c133bf5c27b604.jpg</path>
	<source>
		<database>roboflow.ai</database>
	</source>
	<size>
		<width>224</width>
		<height>224</height>
		<depth>3</depth>
	</size>
	<segmented>0</segmented>
	<object>
		<name>helmet</name>
		<pose>Unspecified</pose>
		<truncated>0</truncated>
		<difficult>0</difficult>
		<occluded>0</occluded>
		<bndbox>
			<xmin>73</xmin>
			<xmax>154</xmax>
			<ymin>14</ymin>
			<ymax>119</ymax>
		</bndbox>
	</object>
	<object>
		<name>reflective</name>
		<pose>Unspecified</pose>
		<truncated>0</truncated>
		<difficult>0</difficult>
		<occluded>0</occluded>
		<bndbox>
			<xmin>25</xmin>
			<xmax>192</xmax>
			<ymin>123</ymin>
			<ymax>224</ymax>
		</bndbox>
	</object>
</annotation>