<annotation>
	<folder />
	<filename>02102_jpg.rf.2b7e5dac4d79e8753a62bd5e3f6dd716.jpg</filename>
	<path>02102_jpg.rf.2b7e5dac4d79e8753a62bd5e3f6dd716.jpg</path>
	<source>
		<database>roboflow.ai</database>
	</source>
	<size>
		<width>224</width>
		<height>224</height>
		<depth>3</depth>
	</size>
	<segmented>0</segmented>
	<object>
		<name>reflective</name>
		<pose>Unspecified</pose>
		<truncated>0</truncated>
		<difficult>0</difficult>
		<occluded>0</occluded>
		<bndbox>
			<xmin>93</xmin>
			<xmax>137</xmax>
			<ymin>70</ymin>
			<ymax>164</ymax>
		</bndbox>
	</object>
	<object>
		<name>reflective</name>
		<pose>Unspecified</pose>
		<truncated>0</truncated>
		<difficult>0</difficult>
		<occluded>0</occluded>
		<bndbox>
			<xmin>139</xmin>
			<xmax>185</xmax>
			<ymin>75</ymin>
			<ymax>174</ymax>
		</bndbox>
	</object>
	<object>
		<name>reflective</name>
		<pose>Unspecified</pose>
		<truncated>0</truncated>
		<difficult>0</difficult>
		<occluded>0</occluded>
		<bndbox>
			<xmin>42</xmin>
			<xmax>91</xmax>
			<ymin>77</ymin>
			<ymax>174</ymax>
		</bndbox>
	</object>
	<object>
		<name>helmet</name>
		<pose>Unspecified</pose>
		<truncated>0</truncated>
		<difficult>0</difficult>
		<occluded>0</occluded>
		<bndbox>
			<xmin>104</xmin>
			<xmax>125</xmax>
			<ymin>26</ymin>
			<ymax>72</ymax>
		</bndbox>
	</object>
	<object>
		<name>helmet</name>
		<pose>Unspecified</pose>
		<truncated>0</truncated>
		<difficult>0</difficult>
		<occluded>0</occluded>
		<bndbox>
			<xmin>147</xmin>
			<xmax>168</xmax>
			<ymin>27</ymin>
			<ymax>76</ymax>
		</bndbox>
	</object>
	<object>
		<name>helmet</name>
		<pose>Unspecified</pose>
		<truncated>0</truncated>
		<difficult>0</difficult>
		<occluded>0</occluded>
		<bndbox>
			<xmin>56</xmin>
			<xmax>79</xmax>
			<ymin>30</ymin>
			<ymax>78</ymax>
		</bndbox>
	</object>
</annotation>