<annotation>
	<folder />
	<filename>02326_jpg.rf.ee71b4fd97086fa146bc6de85139a5c3.jpg</filename>
	<path>02326_jpg.rf.ee71b4fd97086fa146bc6de85139a5c3.jpg</path>
	<source>
		<database>roboflow.ai</database>
	</source>
	<size>
		<width>224</width>
		<height>224</height>
		<depth>3</depth>
	</size>
	<segmented>0</segmented>
	<object>
		<name>not_helmet</name>
		<pose>Unspecified</pose>
		<truncated>0</truncated>
		<difficult>0</difficult>
		<occluded>0</occluded>
		<bndbox>
			<xmin>180</xmin>
			<xmax>212</xmax>
			<ymin>30</ymin>
			<ymax>83</ymax>
		</bndbox>
	</object>
	<object>
		<name>not_helmet</name>
		<pose>Unspecified</pose>
		<truncated>0</truncated>
		<difficult>0</difficult>
		<occluded>0</occluded>
		<bndbox>
			<xmin>29</xmin>
			<xmax>53</xmax>
			<ymin>48</ymin>
			<ymax>90</ymax>
		</bndbox>
	</object>
	<object>
		<name>not_reflective</name>
		<pose>Unspecified</pose>
		<truncated>0</truncated>
		<difficult>0</difficult>
		<occluded>0</occluded>
		<bndbox>
			<xmin>7</xmin>
			<xmax>68</xmax>
			<ymin>87</ymin>
			<ymax>200</ymax>
		</bndbox>
	</object>
	<object>
		<name>not_reflective</name>
		<pose>Unspecified</pose>
		<truncated>0</truncated>
		<difficult>0</difficult>
		<occluded>0</occluded>
		<bndbox>
			<xmin>177</xmin>
			<xmax>224</xmax>
			<ymin>76</ymin>
			<ymax>218</ymax>
		</bndbox>
	</object>
</annotation>