<annotation>
	<folder />
	<filename>02483_jpg.rf.9aea07085b19b37bb6d042d41676d15e.jpg</filename>
	<path>02483_jpg.rf.9aea07085b19b37bb6d042d41676d15e.jpg</path>
	<source>
		<database>roboflow.ai</database>
	</source>
	<size>
		<width>224</width>
		<height>224</height>
		<depth>3</depth>
	</size>
	<segmented>0</segmented>
	<object>
		<name>helmet</name>
		<pose>Unspecified</pose>
		<truncated>0</truncated>
		<difficult>0</difficult>
		<occluded>0</occluded>
		<bndbox>
			<xmin>143</xmin>
			<xmax>175</xmax>
			<ymin>99</ymin>
			<ymax>162</ymax>
		</bndbox>
	</object>
	<object>
		<name>not_reflective</name>
		<pose>Unspecified</pose>
		<truncated>0</truncated>
		<difficult>0</difficult>
		<occluded>0</occluded>
		<bndbox>
			<xmin>133</xmin>
			<xmax>189</xmax>
			<ymin>153</ymin>
			<ymax>225</ymax>
		</bndbox>
	</object>
</annotation>