<annotation>
	<folder />
	<filename>02501_jpg.rf.0375324694e8b5a54e57a37dcdc536e3.jpg</filename>
	<path>02501_jpg.rf.0375324694e8b5a54e57a37dcdc536e3.jpg</path>
	<source>
		<database>roboflow.ai</database>
	</source>
	<size>
		<width>224</width>
		<height>224</height>
		<depth>3</depth>
	</size>
	<segmented>0</segmented>
	<object>
		<name>helmet</name>
		<pose>Unspecified</pose>
		<truncated>0</truncated>
		<difficult>0</difficult>
		<occluded>0</occluded>
		<bndbox>
			<xmin>146</xmin>
			<xmax>180</xmax>
			<ymin>63</ymin>
			<ymax>114</ymax>
		</bndbox>
	</object>
	<object>
		<name>reflective</name>
		<pose>Unspecified</pose>
		<truncated>0</truncated>
		<difficult>0</difficult>
		<occluded>0</occluded>
		<bndbox>
			<xmin>142</xmin>
			<xmax>186</xmax>
			<ymin>111</ymin>
			<ymax>209</ymax>
		</bndbox>
	</object>
</annotation>