<annotation>
	<folder />
	<filename>02514_jpg.rf.feb959cd427d39e0399b10c2249d34a0.jpg</filename>
	<path>02514_jpg.rf.feb959cd427d39e0399b10c2249d34a0.jpg</path>
	<source>
		<database>roboflow.ai</database>
	</source>
	<size>
		<width>224</width>
		<height>224</height>
		<depth>3</depth>
	</size>
	<segmented>0</segmented>
	<object>
		<name>helmet</name>
		<pose>Unspecified</pose>
		<truncated>0</truncated>
		<difficult>0</difficult>
		<occluded>0</occluded>
		<bndbox>
			<xmin>103</xmin>
			<xmax>125</xmax>
			<ymin>64</ymin>
			<ymax>98</ymax>
		</bndbox>
	</object>
	<object>
		<name>helmet</name>
		<pose>Unspecified</pose>
		<truncated>0</truncated>
		<difficult>0</difficult>
		<occluded>0</occluded>
		<bndbox>
			<xmin>60</xmin>
			<xmax>79</xmax>
			<ymin>69</ymin>
			<ymax>105</ymax>
		</bndbox>
	</object>
	<object>
		<name>reflective</name>
		<pose>Unspecified</pose>
		<truncated>0</truncated>
		<difficult>0</difficult>
		<occluded>0</occluded>
		<bndbox>
			<xmin>94</xmin>
			<xmax>139</xmax>
			<ymin>95</ymin>
			<ymax>176</ymax>
		</bndbox>
	</object>
	<object>
		<name>reflective</name>
		<pose>Unspecified</pose>
		<truncated>0</truncated>
		<difficult>0</difficult>
		<occluded>0</occluded>
		<bndbox>
			<xmin>42</xmin>
			<xmax>90</xmax>
			<ymin>100</ymin>
			<ymax>187</ymax>
		</bndbox>
	</object>
</annotation>