<annotation>
	<folder />
	<filename>02528_jpg.rf.d1a56822ed51be4e8b8684590d20ea91.jpg</filename>
	<path>02528_jpg.rf.d1a56822ed51be4e8b8684590d20ea91.jpg</path>
	<source>
		<database>roboflow.ai</database>
	</source>
	<size>
		<width>224</width>
		<height>224</height>
		<depth>3</depth>
	</size>
	<segmented>0</segmented>
	<object>
		<name>not_helmet</name>
		<pose>Unspecified</pose>
		<truncated>0</truncated>
		<difficult>0</difficult>
		<occluded>0</occluded>
		<bndbox>
			<xmin>95</xmin>
			<xmax>126</xmax>
			<ymin>57</ymin>
			<ymax>110</ymax>
		</bndbox>
	</object>
	<object>
		<name>not_reflective</name>
		<pose>Unspecified</pose>
		<truncated>0</truncated>
		<difficult>0</difficult>
		<occluded>0</occluded>
		<bndbox>
			<xmin>55</xmin>
			<xmax>140</xmax>
			<ymin>106</ymin>
			<ymax>220</ymax>
		</bndbox>
	</object>
</annotation>