<annotation>
	<folder />
	<filename>02544_jpg.rf.bbc5c920f57526032f39537fe29688ed.jpg</filename>
	<path>02544_jpg.rf.bbc5c920f57526032f39537fe29688ed.jpg</path>
	<source>
		<database>roboflow.ai</database>
	</source>
	<size>
		<width>224</width>
		<height>224</height>
		<depth>3</depth>
	</size>
	<segmented>0</segmented>
	<object>
		<name>helmet</name>
		<pose>Unspecified</pose>
		<truncated>0</truncated>
		<difficult>0</difficult>
		<occluded>0</occluded>
		<bndbox>
			<xmin>55</xmin>
			<xmax>110</xmax>
			<ymin>0</ymin>
			<ymax>99</ymax>
		</bndbox>
	</object>
	<object>
		<name>reflective</name>
		<pose>Unspecified</pose>
		<truncated>0</truncated>
		<difficult>0</difficult>
		<occluded>0</occluded>
		<bndbox>
			<xmin>0</xmin>
			<xmax>110</xmax>
			<ymin>35</ymin>
			<ymax>190</ymax>
		</bndbox>
	</object>
</annotation>