<annotation>
	<folder />
	<filename>02540_jpg.rf.2bb43de2d7ac1f9aceb0e74333dc8ef8.jpg</filename>
	<path>02540_jpg.rf.2bb43de2d7ac1f9aceb0e74333dc8ef8.jpg</path>
	<source>
		<database>roboflow.ai</database>
	</source>
	<size>
		<width>224</width>
		<height>224</height>
		<depth>3</depth>
	</size>
	<segmented>0</segmented>
	<object>
		<name>helmet</name>
		<pose>Unspecified</pose>
		<truncated>0</truncated>
		<difficult>0</difficult>
		<occluded>0</occluded>
		<bndbox>
			<xmin>168</xmin>
			<xmax>197</xmax>
			<ymin>53</ymin>
			<ymax>109</ymax>
		</bndbox>
	</object>
	<object>
		<name>not_reflective</name>
		<pose>Unspecified</pose>
		<truncated>0</truncated>
		<difficult>0</difficult>
		<occluded>0</occluded>
		<bndbox>
			<xmin>150</xmin>
			<xmax>219</xmax>
			<ymin>101</ymin>
			<ymax>212</ymax>
		</bndbox>
	</object>
</annotation>