<annotation>
	<folder />
	<filename>02549_jpg.rf.866b45ccb0734cb6ccacec5634a00a68.jpg</filename>
	<path>02549_jpg.rf.866b45ccb0734cb6ccacec5634a00a68.jpg</path>
	<source>
		<database>roboflow.ai</database>
	</source>
	<size>
		<width>224</width>
		<height>224</height>
		<depth>3</depth>
	</size>
	<segmented>0</segmented>
	<object>
		<name>helmet</name>
		<pose>Unspecified</pose>
		<truncated>0</truncated>
		<difficult>0</difficult>
		<occluded>0</occluded>
		<bndbox>
			<xmin>94</xmin>
			<xmax>158</xmax>
			<ymin>11</ymin>
			<ymax>112</ymax>
		</bndbox>
	</object>
	<object>
		<name>not_reflective</name>
		<pose>Unspecified</pose>
		<truncated>0</truncated>
		<difficult>0</difficult>
		<occluded>0</occluded>
		<bndbox>
			<xmin>35</xmin>
			<xmax>170</xmax>
			<ymin>110</ymin>
			<ymax>224</ymax>
		</bndbox>
	</object>
</annotation>