<annotation>
	<folder />
	<filename>02562_jpg.rf.2c37d6137429cb4154a708da76ff0767.jpg</filename>
	<path>02562_jpg.rf.2c37d6137429cb4154a708da76ff0767.jpg</path>
	<source>
		<database>roboflow.ai</database>
	</source>
	<size>
		<width>224</width>
		<height>224</height>
		<depth>3</depth>
	</size>
	<segmented>0</segmented>
	<object>
		<name>helmet</name>
		<pose>Unspecified</pose>
		<truncated>0</truncated>
		<difficult>0</difficult>
		<occluded>0</occluded>
		<bndbox>
			<xmin>52</xmin>
			<xmax>142</xmax>
			<ymin>10</ymin>
			<ymax>110</ymax>
		</bndbox>
	</object>
	<object>
		<name>not_reflective</name>
		<pose>Unspecified</pose>
		<truncated>0</truncated>
		<difficult>0</difficult>
		<occluded>0</occluded>
		<bndbox>
			<xmin>0</xmin>
			<xmax>206</xmax>
			<ymin>99</ymin>
			<ymax>206</ymax>
		</bndbox>
	</object>
</annotation>