<annotation>
	<folder />
	<filename>02567_jpg.rf.666b02946b1248cd6c153304c6b1a38f.jpg</filename>
	<path>02567_jpg.rf.666b02946b1248cd6c153304c6b1a38f.jpg</path>
	<source>
		<database>roboflow.ai</database>
	</source>
	<size>
		<width>224</width>
		<height>224</height>
		<depth>3</depth>
	</size>
	<segmented>0</segmented>
	<object>
		<name>helmet</name>
		<pose>Unspecified</pose>
		<truncated>0</truncated>
		<difficult>0</difficult>
		<occluded>0</occluded>
		<bndbox>
			<xmin>57</xmin>
			<xmax>127</xmax>
			<ymin>93</ymin>
			<ymax>150</ymax>
		</bndbox>
	</object>
	<object>
		<name>not_reflective</name>
		<pose>Unspecified</pose>
		<truncated>0</truncated>
		<difficult>0</difficult>
		<occluded>0</occluded>
		<bndbox>
			<xmin>24</xmin>
			<xmax>184</xmax>
			<ymin>145</ymin>
			<ymax>224</ymax>
		</bndbox>
	</object>
</annotation>