<annotation>
	<folder />
	<filename>02572_jpg.rf.568e7bdb5c9b4bc5929571f43de11ebd.jpg</filename>
	<path>02572_jpg.rf.568e7bdb5c9b4bc5929571f43de11ebd.jpg</path>
	<source>
		<database>roboflow.ai</database>
	</source>
	<size>
		<width>224</width>
		<height>224</height>
		<depth>3</depth>
	</size>
	<segmented>0</segmented>
	<object>
		<name>helmet</name>
		<pose>Unspecified</pose>
		<truncated>0</truncated>
		<difficult>0</difficult>
		<occluded>0</occluded>
		<bndbox>
			<xmin>94</xmin>
			<xmax>116</xmax>
			<ymin>46</ymin>
			<ymax>64</ymax>
		</bndbox>
	</object>
	<object>
		<name>not_reflective</name>
		<pose>Unspecified</pose>
		<truncated>0</truncated>
		<difficult>0</difficult>
		<occluded>0</occluded>
		<bndbox>
			<xmin>92</xmin>
			<xmax>125</xmax>
			<ymin>60</ymin>
			<ymax>93</ymax>
		</bndbox>
	</object>
</annotation>