<annotation>
	<folder />
	<filename>02578_jpg.rf.3936ae09e1f9311324e3a58db9c61fa3.jpg</filename>
	<path>02578_jpg.rf.3936ae09e1f9311324e3a58db9c61fa3.jpg</path>
	<source>
		<database>roboflow.ai</database>
	</source>
	<size>
		<width>224</width>
		<height>224</height>
		<depth>3</depth>
	</size>
	<segmented>0</segmented>
	<object>
		<name>helmet</name>
		<pose>Unspecified</pose>
		<truncated>0</truncated>
		<difficult>0</difficult>
		<occluded>0</occluded>
		<bndbox>
			<xmin>72</xmin>
			<xmax>156</xmax>
			<ymin>4</ymin>
			<ymax>94</ymax>
		</bndbox>
	</object>
	<object>
		<name>not_reflective</name>
		<pose>Unspecified</pose>
		<truncated>0</truncated>
		<difficult>0</difficult>
		<occluded>0</occluded>
		<bndbox>
			<xmin>3</xmin>
			<xmax>198</xmax>
			<ymin>84</ymin>
			<ymax>218</ymax>
		</bndbox>
	</object>
</annotation>