<annotation>
	<folder />
	<filename>02589_jpg.rf.cfdbded9285ee836f308fac780255edd.jpg</filename>
	<path>02589_jpg.rf.cfdbded9285ee836f308fac780255edd.jpg</path>
	<source>
		<database>roboflow.ai</database>
	</source>
	<size>
		<width>224</width>
		<height>224</height>
		<depth>3</depth>
	</size>
	<segmented>0</segmented>
	<object>
		<name>helmet</name>
		<pose>Unspecified</pose>
		<truncated>0</truncated>
		<difficult>0</difficult>
		<occluded>0</occluded>
		<bndbox>
			<xmin>47</xmin>
			<xmax>61</xmax>
			<ymin>56</ymin>
			<ymax>81</ymax>
		</bndbox>
	</object>
	<object>
		<name>not_reflective</name>
		<pose>Unspecified</pose>
		<truncated>0</truncated>
		<difficult>0</difficult>
		<occluded>0</occluded>
		<bndbox>
			<xmin>42</xmin>
			<xmax>67</xmax>
			<ymin>79</ymin>
			<ymax>128</ymax>
		</bndbox>
	</object>
</annotation>