<annotation>
	<folder />
	<filename>02587_jpg.rf.8a6f2101219f07c6f621e7f21541b686.jpg</filename>
	<path>02587_jpg.rf.8a6f2101219f07c6f621e7f21541b686.jpg</path>
	<source>
		<database>roboflow.ai</database>
	</source>
	<size>
		<width>224</width>
		<height>224</height>
		<depth>3</depth>
	</size>
	<segmented>0</segmented>
	<object>
		<name>helmet</name>
		<pose>Unspecified</pose>
		<truncated>0</truncated>
		<difficult>0</difficult>
		<occluded>0</occluded>
		<bndbox>
			<xmin>59</xmin>
			<xmax>141</xmax>
			<ymin>40</ymin>
			<ymax>117</ymax>
		</bndbox>
	</object>
	<object>
		<name>not_reflective</name>
		<pose>Unspecified</pose>
		<truncated>0</truncated>
		<difficult>0</difficult>
		<occluded>0</occluded>
		<bndbox>
			<xmin>9</xmin>
			<xmax>171</xmax>
			<ymin>108</ymin>
			<ymax>224</ymax>
		</bndbox>
	</object>
</annotation>