<annotation>
	<folder />
	<filename>02580_jpg.rf.228c4a56cbb1314a6fe82d628ad40427.jpg</filename>
	<path>02580_jpg.rf.228c4a56cbb1314a6fe82d628ad40427.jpg</path>
	<source>
		<database>roboflow.ai</database>
	</source>
	<size>
		<width>224</width>
		<height>224</height>
		<depth>3</depth>
	</size>
	<segmented>0</segmented>
	<object>
		<name>helmet</name>
		<pose>Unspecified</pose>
		<truncated>0</truncated>
		<difficult>0</difficult>
		<occluded>0</occluded>
		<bndbox>
			<xmin>77</xmin>
			<xmax>140</xmax>
			<ymin>2</ymin>
			<ymax>66</ymax>
		</bndbox>
	</object>
	<object>
		<name>not_reflective</name>
		<pose>Unspecified</pose>
		<truncated>0</truncated>
		<difficult>0</difficult>
		<occluded>0</occluded>
		<bndbox>
			<xmin>15</xmin>
			<xmax>170</xmax>
			<ymin>60</ymin>
			<ymax>173</ymax>
		</bndbox>
	</object>
</annotation>