<annotation>
	<folder />
	<filename>02586_jpg.rf.e715d9c82d2613aee393d54b5f80cc47.jpg</filename>
	<path>02586_jpg.rf.e715d9c82d2613aee393d54b5f80cc47.jpg</path>
	<source>
		<database>roboflow.ai</database>
	</source>
	<size>
		<width>224</width>
		<height>224</height>
		<depth>3</depth>
	</size>
	<segmented>0</segmented>
	<object>
		<name>helmet</name>
		<pose>Unspecified</pose>
		<truncated>0</truncated>
		<difficult>0</difficult>
		<occluded>0</occluded>
		<bndbox>
			<xmin>121</xmin>
			<xmax>192</xmax>
			<ymin>0</ymin>
			<ymax>124</ymax>
		</bndbox>
	</object>
	<object>
		<name>not_reflective</name>
		<pose>Unspecified</pose>
		<truncated>0</truncated>
		<difficult>0</difficult>
		<occluded>0</occluded>
		<bndbox>
			<xmin>73</xmin>
			<xmax>224</xmax>
			<ymin>87</ymin>
			<ymax>224</ymax>
		</bndbox>
	</object>
</annotation>