<annotation>
	<folder />
	<filename>02598_jpg.rf.492e5a9cb86370526d4b2f085df4c6d6.jpg</filename>
	<path>02598_jpg.rf.492e5a9cb86370526d4b2f085df4c6d6.jpg</path>
	<source>
		<database>roboflow.ai</database>
	</source>
	<size>
		<width>224</width>
		<height>224</height>
		<depth>3</depth>
	</size>
	<segmented>0</segmented>
	<object>
		<name>not_helmet</name>
		<pose>Unspecified</pose>
		<truncated>0</truncated>
		<difficult>0</difficult>
		<occluded>0</occluded>
		<bndbox>
			<xmin>122</xmin>
			<xmax>132</xmax>
			<ymin>54</ymin>
			<ymax>72</ymax>
		</bndbox>
	</object>
	<object>
		<name>not_reflective</name>
		<pose>Unspecified</pose>
		<truncated>0</truncated>
		<difficult>0</difficult>
		<occluded>0</occluded>
		<bndbox>
			<xmin>125</xmin>
			<xmax>146</xmax>
			<ymin>70</ymin>
			<ymax>105</ymax>
		</bndbox>
	</object>
</annotation>