<annotation>
	<folder />
	<filename>02593_jpg.rf.d2ebb67c6b3a09336ab191ae9ae9896b.jpg</filename>
	<path>02593_jpg.rf.d2ebb67c6b3a09336ab191ae9ae9896b.jpg</path>
	<source>
		<database>roboflow.ai</database>
	</source>
	<size>
		<width>224</width>
		<height>224</height>
		<depth>3</depth>
	</size>
	<segmented>0</segmented>
	<object>
		<name>helmet</name>
		<pose>Unspecified</pose>
		<truncated>0</truncated>
		<difficult>0</difficult>
		<occluded>0</occluded>
		<bndbox>
			<xmin>84</xmin>
			<xmax>111</xmax>
			<ymin>10</ymin>
			<ymax>57</ymax>
		</bndbox>
	</object>
	<object>
		<name>not_reflective</name>
		<pose>Unspecified</pose>
		<truncated>0</truncated>
		<difficult>0</difficult>
		<occluded>0</occluded>
		<bndbox>
			<xmin>39</xmin>
			<xmax>96</xmax>
			<ymin>27</ymin>
			<ymax>108</ymax>
		</bndbox>
	</object>
</annotation>