<annotation>
	<folder />
	<filename>02603_jpg.rf.5b371960f485a245b5a8dc9b7db876b5.jpg</filename>
	<path>02603_jpg.rf.5b371960f485a245b5a8dc9b7db876b5.jpg</path>
	<source>
		<database>roboflow.ai</database>
	</source>
	<size>
		<width>224</width>
		<height>224</height>
		<depth>3</depth>
	</size>
	<segmented>0</segmented>
	<object>
		<name>not_helmet</name>
		<pose>Unspecified</pose>
		<truncated>0</truncated>
		<difficult>0</difficult>
		<occluded>0</occluded>
		<bndbox>
			<xmin>74</xmin>
			<xmax>122</xmax>
			<ymin>0</ymin>
			<ymax>68</ymax>
		</bndbox>
	</object>
	<object>
		<name>reflective</name>
		<pose>Unspecified</pose>
		<truncated>0</truncated>
		<difficult>0</difficult>
		<occluded>0</occluded>
		<bndbox>
			<xmin>38</xmin>
			<xmax>150</xmax>
			<ymin>67</ymin>
			<ymax>201</ymax>
		</bndbox>
	</object>
</annotation>