<annotation>
	<folder />
	<filename>02601_jpg.rf.f0113432c576275ae4e620d567c661f1.jpg</filename>
	<path>02601_jpg.rf.f0113432c576275ae4e620d567c661f1.jpg</path>
	<source>
		<database>roboflow.ai</database>
	</source>
	<size>
		<width>224</width>
		<height>224</height>
		<depth>3</depth>
	</size>
	<segmented>0</segmented>
	<object>
		<name>helmet</name>
		<pose>Unspecified</pose>
		<truncated>0</truncated>
		<difficult>0</difficult>
		<occluded>0</occluded>
		<bndbox>
			<xmin>97</xmin>
			<xmax>176</xmax>
			<ymin>0</ymin>
			<ymax>78</ymax>
		</bndbox>
	</object>
	<object>
		<name>not_reflective</name>
		<pose>Unspecified</pose>
		<truncated>0</truncated>
		<difficult>0</difficult>
		<occluded>0</occluded>
		<bndbox>
			<xmin>73</xmin>
			<xmax>191</xmax>
			<ymin>50</ymin>
			<ymax>160</ymax>
		</bndbox>
	</object>
</annotation>