<annotation>
	<folder />
	<filename>02605_jpg.rf.113f6094da123bea267db1553cb64549.jpg</filename>
	<path>02605_jpg.rf.113f6094da123bea267db1553cb64549.jpg</path>
	<source>
		<database>roboflow.ai</database>
	</source>
	<size>
		<width>224</width>
		<height>224</height>
		<depth>3</depth>
	</size>
	<segmented>0</segmented>
	<object>
		<name>helmet</name>
		<pose>Unspecified</pose>
		<truncated>0</truncated>
		<difficult>0</difficult>
		<occluded>0</occluded>
		<bndbox>
			<xmin>109</xmin>
			<xmax>197</xmax>
			<ymin>4</ymin>
			<ymax>173</ymax>
		</bndbox>
	</object>
	<object>
		<name>not_reflective</name>
		<pose>Unspecified</pose>
		<truncated>0</truncated>
		<difficult>0</difficult>
		<occluded>0</occluded>
		<bndbox>
			<xmin>91</xmin>
			<xmax>224</xmax>
			<ymin>154</ymin>
			<ymax>224</ymax>
		</bndbox>
	</object>
</annotation>