<annotation>
	<folder />
	<filename>02619_jpg.rf.32858c5d24b5211876b41ba6b7830210.jpg</filename>
	<path>02619_jpg.rf.32858c5d24b5211876b41ba6b7830210.jpg</path>
	<source>
		<database>roboflow.ai</database>
	</source>
	<size>
		<width>224</width>
		<height>224</height>
		<depth>3</depth>
	</size>
	<segmented>0</segmented>
	<object>
		<name>helmet</name>
		<pose>Unspecified</pose>
		<truncated>0</truncated>
		<difficult>0</difficult>
		<occluded>0</occluded>
		<bndbox>
			<xmin>36</xmin>
			<xmax>69</xmax>
			<ymin>33</ymin>
			<ymax>97</ymax>
		</bndbox>
	</object>
	<object>
		<name>not_reflective</name>
		<pose>Unspecified</pose>
		<truncated>0</truncated>
		<difficult>0</difficult>
		<occluded>0</occluded>
		<bndbox>
			<xmin>34</xmin>
			<xmax>79</xmax>
			<ymin>93</ymin>
			<ymax>224</ymax>
		</bndbox>
	</object>
</annotation>