<annotation>
	<folder />
	<filename>02621_jpg.rf.4c226d2c0c1d4c0877b9f40d5b67407f.jpg</filename>
	<path>02621_jpg.rf.4c226d2c0c1d4c0877b9f40d5b67407f.jpg</path>
	<source>
		<database>roboflow.ai</database>
	</source>
	<size>
		<width>224</width>
		<height>224</height>
		<depth>3</depth>
	</size>
	<segmented>0</segmented>
	<object>
		<name>not_reflective</name>
		<pose>Unspecified</pose>
		<truncated>0</truncated>
		<difficult>0</difficult>
		<occluded>0</occluded>
		<bndbox>
			<xmin>64</xmin>
			<xmax>117</xmax>
			<ymin>56</ymin>
			<ymax>187</ymax>
		</bndbox>
	</object>
	<object>
		<name>helmet</name>
		<pose>Unspecified</pose>
		<truncated>0</truncated>
		<difficult>0</difficult>
		<occluded>0</occluded>
		<bndbox>
			<xmin>93</xmin>
			<xmax>123</xmax>
			<ymin>20</ymin>
			<ymax>75</ymax>
		</bndbox>
	</object>
</annotation>