<annotation>
	<folder />
	<filename>02638_jpg.rf.6b2bbe41611775999ba84e566dd6aea7.jpg</filename>
	<path>02638_jpg.rf.6b2bbe41611775999ba84e566dd6aea7.jpg</path>
	<source>
		<database>roboflow.ai</database>
	</source>
	<size>
		<width>224</width>
		<height>224</height>
		<depth>3</depth>
	</size>
	<segmented>0</segmented>
	<object>
		<name>helmet</name>
		<pose>Unspecified</pose>
		<truncated>0</truncated>
		<difficult>0</difficult>
		<occluded>0</occluded>
		<bndbox>
			<xmin>35</xmin>
			<xmax>89</xmax>
			<ymin>35</ymin>
			<ymax>87</ymax>
		</bndbox>
	</object>
	<object>
		<name>not_reflective</name>
		<pose>Unspecified</pose>
		<truncated>0</truncated>
		<difficult>0</difficult>
		<occluded>0</occluded>
		<bndbox>
			<xmin>6</xmin>
			<xmax>105</xmax>
			<ymin>82</ymin>
			<ymax>192</ymax>
		</bndbox>
	</object>
</annotation>