<annotation>
	<folder />
	<filename>02630_jpg.rf.dbaefd04985ce553391110fe784c2e84.jpg</filename>
	<path>02630_jpg.rf.dbaefd04985ce553391110fe784c2e84.jpg</path>
	<source>
		<database>roboflow.ai</database>
	</source>
	<size>
		<width>224</width>
		<height>224</height>
		<depth>3</depth>
	</size>
	<segmented>0</segmented>
	<object>
		<name>helmet</name>
		<pose>Unspecified</pose>
		<truncated>0</truncated>
		<difficult>0</difficult>
		<occluded>0</occluded>
		<bndbox>
			<xmin>74</xmin>
			<xmax>132</xmax>
			<ymin>40</ymin>
			<ymax>163</ymax>
		</bndbox>
	</object>
	<object>
		<name>not_reflective</name>
		<pose>Unspecified</pose>
		<truncated>0</truncated>
		<difficult>0</difficult>
		<occluded>0</occluded>
		<bndbox>
			<xmin>58</xmin>
			<xmax>177</xmax>
			<ymin>150</ymin>
			<ymax>224</ymax>
		</bndbox>
	</object>
</annotation>