<annotation>
	<folder />
	<filename>02641_jpg.rf.d4af6b4001da0151404e8179f0a40a02.jpg</filename>
	<path>02641_jpg.rf.d4af6b4001da0151404e8179f0a40a02.jpg</path>
	<source>
		<database>roboflow.ai</database>
	</source>
	<size>
		<width>224</width>
		<height>224</height>
		<depth>3</depth>
	</size>
	<segmented>0</segmented>
	<object>
		<name>helmet</name>
		<pose>Unspecified</pose>
		<truncated>0</truncated>
		<difficult>0</difficult>
		<occluded>0</occluded>
		<bndbox>
			<xmin>18</xmin>
			<xmax>161</xmax>
			<ymin>4</ymin>
			<ymax>151</ymax>
		</bndbox>
	</object>
	<object>
		<name>not_reflective</name>
		<pose>Unspecified</pose>
		<truncated>0</truncated>
		<difficult>0</difficult>
		<occluded>0</occluded>
		<bndbox>
			<xmin>1</xmin>
			<xmax>225</xmax>
			<ymin>134</ymin>
			<ymax>224</ymax>
		</bndbox>
	</object>
</annotation>