<annotation>
	<folder />
	<filename>02646_jpg.rf.10ee4630f61b71d03d4127129b0113ae.jpg</filename>
	<path>02646_jpg.rf.10ee4630f61b71d03d4127129b0113ae.jpg</path>
	<source>
		<database>roboflow.ai</database>
	</source>
	<size>
		<width>224</width>
		<height>224</height>
		<depth>3</depth>
	</size>
	<segmented>0</segmented>
	<object>
		<name>helmet</name>
		<pose>Unspecified</pose>
		<truncated>0</truncated>
		<difficult>0</difficult>
		<occluded>0</occluded>
		<bndbox>
			<xmin>112</xmin>
			<xmax>151</xmax>
			<ymin>46</ymin>
			<ymax>118</ymax>
		</bndbox>
	</object>
	<object>
		<name>not_reflective</name>
		<pose>Unspecified</pose>
		<truncated>0</truncated>
		<difficult>0</difficult>
		<occluded>0</occluded>
		<bndbox>
			<xmin>90</xmin>
			<xmax>150</xmax>
			<ymin>111</ymin>
			<ymax>224</ymax>
		</bndbox>
	</object>
</annotation>