<annotation>
	<folder />
	<filename>02653_jpg.rf.e9c5032ddebcaf5fee43b308dee641ae.jpg</filename>
	<path>02653_jpg.rf.e9c5032ddebcaf5fee43b308dee641ae.jpg</path>
	<source>
		<database>roboflow.ai</database>
	</source>
	<size>
		<width>224</width>
		<height>224</height>
		<depth>3</depth>
	</size>
	<segmented>0</segmented>
	<object>
		<name>helmet</name>
		<pose>Unspecified</pose>
		<truncated>0</truncated>
		<difficult>0</difficult>
		<occluded>0</occluded>
		<bndbox>
			<xmin>65</xmin>
			<xmax>107</xmax>
			<ymin>7</ymin>
			<ymax>89</ymax>
		</bndbox>
	</object>
	<object>
		<name>reflective</name>
		<pose>Unspecified</pose>
		<truncated>0</truncated>
		<difficult>0</difficult>
		<occluded>0</occluded>
		<bndbox>
			<xmin>26</xmin>
			<xmax>132</xmax>
			<ymin>88</ymin>
			<ymax>224</ymax>
		</bndbox>
	</object>
</annotation>