<annotation>
	<folder />
	<filename>02664_jpg.rf.a5d7b09c2f6b1efa48f7b9e3c5b829bf.jpg</filename>
	<path>02664_jpg.rf.a5d7b09c2f6b1efa48f7b9e3c5b829bf.jpg</path>
	<source>
		<database>roboflow.ai</database>
	</source>
	<size>
		<width>224</width>
		<height>224</height>
		<depth>3</depth>
	</size>
	<segmented>0</segmented>
	<object>
		<name>not_reflective</name>
		<pose>Unspecified</pose>
		<truncated>0</truncated>
		<difficult>0</difficult>
		<occluded>0</occluded>
		<bndbox>
			<xmin>21</xmin>
			<xmax>81</xmax>
			<ymin>66</ymin>
			<ymax>182</ymax>
		</bndbox>
	</object>
	<object>
		<name>helmet</name>
		<pose>Unspecified</pose>
		<truncated>0</truncated>
		<difficult>0</difficult>
		<occluded>0</occluded>
		<bndbox>
			<xmin>25</xmin>
			<xmax>73</xmax>
			<ymin>10</ymin>
			<ymax>83</ymax>
		</bndbox>
	</object>
</annotation>