<annotation>
	<folder />
	<filename>02666_jpg.rf.6ceec2d07e69bac32b0ec6209adc5732.jpg</filename>
	<path>02666_jpg.rf.6ceec2d07e69bac32b0ec6209adc5732.jpg</path>
	<source>
		<database>roboflow.ai</database>
	</source>
	<size>
		<width>224</width>
		<height>224</height>
		<depth>3</depth>
	</size>
	<segmented>0</segmented>
	<object>
		<name>helmet</name>
		<pose>Unspecified</pose>
		<truncated>0</truncated>
		<difficult>0</difficult>
		<occluded>0</occluded>
		<bndbox>
			<xmin>80</xmin>
			<xmax>148</xmax>
			<ymin>4</ymin>
			<ymax>66</ymax>
		</bndbox>
	</object>
	<object>
		<name>not_reflective</name>
		<pose>Unspecified</pose>
		<truncated>0</truncated>
		<difficult>0</difficult>
		<occluded>0</occluded>
		<bndbox>
			<xmin>22</xmin>
			<xmax>207</xmax>
			<ymin>64</ymin>
			<ymax>163</ymax>
		</bndbox>
	</object>
</annotation>