<annotation>
	<folder />
	<filename>02665_jpg.rf.3af72c8c349a84bd96b607637aea6fb2.jpg</filename>
	<path>02665_jpg.rf.3af72c8c349a84bd96b607637aea6fb2.jpg</path>
	<source>
		<database>roboflow.ai</database>
	</source>
	<size>
		<width>224</width>
		<height>224</height>
		<depth>3</depth>
	</size>
	<segmented>0</segmented>
	<object>
		<name>not_reflective</name>
		<pose>Unspecified</pose>
		<truncated>0</truncated>
		<difficult>0</difficult>
		<occluded>0</occluded>
		<bndbox>
			<xmin>44</xmin>
			<xmax>146</xmax>
			<ymin>28</ymin>
			<ymax>122</ymax>
		</bndbox>
	</object>
	<object>
		<name>not_helmet</name>
		<pose>Unspecified</pose>
		<truncated>0</truncated>
		<difficult>0</difficult>
		<occluded>0</occluded>
		<bndbox>
			<xmin>136</xmin>
			<xmax>183</xmax>
			<ymin>46</ymin>
			<ymax>119</ymax>
		</bndbox>
	</object>
</annotation>