<annotation>
	<folder />
	<filename>02667_jpg.rf.33b0da80337a5a551198e72d872cbf02.jpg</filename>
	<path>02667_jpg.rf.33b0da80337a5a551198e72d872cbf02.jpg</path>
	<source>
		<database>roboflow.ai</database>
	</source>
	<size>
		<width>224</width>
		<height>224</height>
		<depth>3</depth>
	</size>
	<segmented>0</segmented>
	<object>
		<name>helmet</name>
		<pose>Unspecified</pose>
		<truncated>0</truncated>
		<difficult>0</difficult>
		<occluded>0</occluded>
		<bndbox>
			<xmin>75</xmin>
			<xmax>140</xmax>
			<ymin>4</ymin>
			<ymax>111</ymax>
		</bndbox>
	</object>
	<object>
		<name>not_reflective</name>
		<pose>Unspecified</pose>
		<truncated>0</truncated>
		<difficult>0</difficult>
		<occluded>0</occluded>
		<bndbox>
			<xmin>54</xmin>
			<xmax>187</xmax>
			<ymin>102</ymin>
			<ymax>224</ymax>
		</bndbox>
	</object>
</annotation>