<annotation>
	<folder />
	<filename>02766_jpg.rf.bb35ba83f43909a2d7f30a20d9b39d80.jpg</filename>
	<path>02766_jpg.rf.bb35ba83f43909a2d7f30a20d9b39d80.jpg</path>
	<source>
		<database>roboflow.ai</database>
	</source>
	<size>
		<width>224</width>
		<height>224</height>
		<depth>3</depth>
	</size>
	<segmented>0</segmented>
	<object>
		<name>helmet</name>
		<pose>Unspecified</pose>
		<truncated>0</truncated>
		<difficult>0</difficult>
		<occluded>0</occluded>
		<bndbox>
			<xmin>149</xmin>
			<xmax>178</xmax>
			<ymin>58</ymin>
			<ymax>109</ymax>
		</bndbox>
	</object>
	<object>
		<name>helmet</name>
		<pose>Unspecified</pose>
		<truncated>0</truncated>
		<difficult>0</difficult>
		<occluded>0</occluded>
		<bndbox>
			<xmin>17</xmin>
			<xmax>38</xmax>
			<ymin>83</ymin>
			<ymax>120</ymax>
		</bndbox>
	</object>
	<object>
		<name>helmet</name>
		<pose>Unspecified</pose>
		<truncated>0</truncated>
		<difficult>0</difficult>
		<occluded>0</occluded>
		<bndbox>
			<xmin>62</xmin>
			<xmax>84</xmax>
			<ymin>82</ymin>
			<ymax>122</ymax>
		</bndbox>
	</object>
	<object>
		<name>not_reflective</name>
		<pose>Unspecified</pose>
		<truncated>0</truncated>
		<difficult>0</difficult>
		<occluded>0</occluded>
		<bndbox>
			<xmin>144</xmin>
			<xmax>201</xmax>
			<ymin>99</ymin>
			<ymax>182</ymax>
		</bndbox>
	</object>
	<object>
		<name>not_reflective</name>
		<pose>Unspecified</pose>
		<truncated>0</truncated>
		<difficult>0</difficult>
		<occluded>0</occluded>
		<bndbox>
			<xmin>2</xmin>
			<xmax>53</xmax>
			<ymin>116</ymin>
			<ymax>179</ymax>
		</bndbox>
	</object>
	<object>
		<name>not_reflective</name>
		<pose>Unspecified</pose>
		<truncated>0</truncated>
		<difficult>0</difficult>
		<occluded>0</occluded>
		<bndbox>
			<xmin>53</xmin>
			<xmax>107</xmax>
			<ymin>114</ymin>
			<ymax>197</ymax>
		</bndbox>
	</object>
</annotation>