<annotation>
	<folder />
	<filename>02918_jpg.rf.80557dc3e0721c3418aafd80efe76f48.jpg</filename>
	<path>02918_jpg.rf.80557dc3e0721c3418aafd80efe76f48.jpg</path>
	<source>
		<database>roboflow.ai</database>
	</source>
	<size>
		<width>224</width>
		<height>224</height>
		<depth>3</depth>
	</size>
	<segmented>0</segmented>
	<object>
		<name>helmet</name>
		<pose>Unspecified</pose>
		<truncated>0</truncated>
		<difficult>0</difficult>
		<occluded>0</occluded>
		<bndbox>
			<xmin>66</xmin>
			<xmax>190</xmax>
			<ymin>14</ymin>
			<ymax>130</ymax>
		</bndbox>
	</object>
	<object>
		<name>helmet</name>
		<pose>Unspecified</pose>
		<truncated>0</truncated>
		<difficult>0</difficult>
		<occluded>0</occluded>
		<bndbox>
			<xmin>67</xmin>
			<xmax>215</xmax>
			<ymin>97</ymin>
			<ymax>186</ymax>
		</bndbox>
	</object>
</annotation>