<annotation>
	<folder />
	<filename>02920_jpg.rf.eaa3ad767081dc4c424d4bd7aa04c3b5.jpg</filename>
	<path>02920_jpg.rf.eaa3ad767081dc4c424d4bd7aa04c3b5.jpg</path>
	<source>
		<database>roboflow.ai</database>
	</source>
	<size>
		<width>224</width>
		<height>224</height>
		<depth>3</depth>
	</size>
	<segmented>0</segmented>
	<object>
		<name>helmet</name>
		<pose>Unspecified</pose>
		<truncated>0</truncated>
		<difficult>0</difficult>
		<occluded>0</occluded>
		<bndbox>
			<xmin>70</xmin>
			<xmax>141</xmax>
			<ymin>22</ymin>
			<ymax>103</ymax>
		</bndbox>
	</object>
	<object>
		<name>not_reflective</name>
		<pose>Unspecified</pose>
		<truncated>0</truncated>
		<difficult>0</difficult>
		<occluded>0</occluded>
		<bndbox>
			<xmin>43</xmin>
			<xmax>195</xmax>
			<ymin>104</ymin>
			<ymax>224</ymax>
		</bndbox>
	</object>
</annotation>