<annotation>
	<folder />
	<filename>02927_jpg.rf.1689cbefb8be1762d9ad6a30c64e26cd.jpg</filename>
	<path>02927_jpg.rf.1689cbefb8be1762d9ad6a30c64e26cd.jpg</path>
	<source>
		<database>roboflow.ai</database>
	</source>
	<size>
		<width>224</width>
		<height>224</height>
		<depth>3</depth>
	</size>
	<segmented>0</segmented>
	<object>
		<name>helmet</name>
		<pose>Unspecified</pose>
		<truncated>0</truncated>
		<difficult>0</difficult>
		<occluded>0</occluded>
		<bndbox>
			<xmin>59</xmin>
			<xmax>101</xmax>
			<ymin>19</ymin>
			<ymax>95</ymax>
		</bndbox>
	</object>
	<object>
		<name>reflective</name>
		<pose>Unspecified</pose>
		<truncated>0</truncated>
		<difficult>0</difficult>
		<occluded>0</occluded>
		<bndbox>
			<xmin>14</xmin>
			<xmax>146</xmax>
			<ymin>95</ymin>
			<ymax>223</ymax>
		</bndbox>
	</object>
</annotation>