<annotation>
	<folder />
	<filename>02925_jpg.rf.580ad7741df36a307c19f3fe9f09f824.jpg</filename>
	<path>02925_jpg.rf.580ad7741df36a307c19f3fe9f09f824.jpg</path>
	<source>
		<database>roboflow.ai</database>
	</source>
	<size>
		<width>224</width>
		<height>224</height>
		<depth>3</depth>
	</size>
	<segmented>0</segmented>
	<object>
		<name>helmet</name>
		<pose>Unspecified</pose>
		<truncated>0</truncated>
		<difficult>0</difficult>
		<occluded>0</occluded>
		<bndbox>
			<xmin>91</xmin>
			<xmax>137</xmax>
			<ymin>24</ymin>
			<ymax>97</ymax>
		</bndbox>
	</object>
	<object>
		<name>not_reflective</name>
		<pose>Unspecified</pose>
		<truncated>0</truncated>
		<difficult>0</difficult>
		<occluded>0</occluded>
		<bndbox>
			<xmin>75</xmin>
			<xmax>172</xmax>
			<ymin>96</ymin>
			<ymax>224</ymax>
		</bndbox>
	</object>
</annotation>