<annotation>
	<folder />
	<filename>03010_jpg.rf.29698fe6f0c30b2a8fceac7f2b199580.jpg</filename>
	<path>03010_jpg.rf.29698fe6f0c30b2a8fceac7f2b199580.jpg</path>
	<source>
		<database>roboflow.ai</database>
	</source>
	<size>
		<width>224</width>
		<height>224</height>
		<depth>3</depth>
	</size>
	<segmented>0</segmented>
	<object>
		<name>helmet</name>
		<pose>Unspecified</pose>
		<truncated>0</truncated>
		<difficult>0</difficult>
		<occluded>0</occluded>
		<bndbox>
			<xmin>128</xmin>
			<xmax>187</xmax>
			<ymin>1</ymin>
			<ymax>100</ymax>
		</bndbox>
	</object>
	<object>
		<name>not_reflective</name>
		<pose>Unspecified</pose>
		<truncated>0</truncated>
		<difficult>0</difficult>
		<occluded>0</occluded>
		<bndbox>
			<xmin>102</xmin>
			<xmax>224</xmax>
			<ymin>90</ymin>
			<ymax>129</ymax>
		</bndbox>
	</object>
</annotation>