<annotation>
	<folder />
	<filename>03011_jpg.rf.596f9d19e50c0667a77531c3c812285a.jpg</filename>
	<path>03011_jpg.rf.596f9d19e50c0667a77531c3c812285a.jpg</path>
	<source>
		<database>roboflow.ai</database>
	</source>
	<size>
		<width>224</width>
		<height>224</height>
		<depth>3</depth>
	</size>
	<segmented>0</segmented>
	<object>
		<name>helmet</name>
		<pose>Unspecified</pose>
		<truncated>0</truncated>
		<difficult>0</difficult>
		<occluded>0</occluded>
		<bndbox>
			<xmin>44</xmin>
			<xmax>83</xmax>
			<ymin>36</ymin>
			<ymax>101</ymax>
		</bndbox>
	</object>
	<object>
		<name>reflective</name>
		<pose>Unspecified</pose>
		<truncated>0</truncated>
		<difficult>0</difficult>
		<occluded>0</occluded>
		<bndbox>
			<xmin>22</xmin>
			<xmax>84</xmax>
			<ymin>97</ymin>
			<ymax>225</ymax>
		</bndbox>
	</object>
</annotation>