<annotation>
	<folder />
	<filename>03043_jpg.rf.787ce040f81b96c5dad5399572789897.jpg</filename>
	<path>03043_jpg.rf.787ce040f81b96c5dad5399572789897.jpg</path>
	<source>
		<database>roboflow.ai</database>
	</source>
	<size>
		<width>224</width>
		<height>224</height>
		<depth>3</depth>
	</size>
	<segmented>0</segmented>
	<object>
		<name>helmet</name>
		<pose>Unspecified</pose>
		<truncated>0</truncated>
		<difficult>0</difficult>
		<occluded>0</occluded>
		<bndbox>
			<xmin>136</xmin>
			<xmax>196</xmax>
			<ymin>4</ymin>
			<ymax>95</ymax>
		</bndbox>
	</object>
	<object>
		<name>not_reflective</name>
		<pose>Unspecified</pose>
		<truncated>0</truncated>
		<difficult>0</difficult>
		<occluded>0</occluded>
		<bndbox>
			<xmin>118</xmin>
			<xmax>223</xmax>
			<ymin>92</ymin>
			<ymax>173</ymax>
		</bndbox>
	</object>
</annotation>