<annotation>
	<folder />
	<filename>03060_jpg.rf.91184af73e4a5e867037236c81cdf0c2.jpg</filename>
	<path>03060_jpg.rf.91184af73e4a5e867037236c81cdf0c2.jpg</path>
	<source>
		<database>roboflow.ai</database>
	</source>
	<size>
		<width>224</width>
		<height>224</height>
		<depth>3</depth>
	</size>
	<segmented>0</segmented>
	<object>
		<name>helmet</name>
		<pose>Unspecified</pose>
		<truncated>0</truncated>
		<difficult>0</difficult>
		<occluded>0</occluded>
		<bndbox>
			<xmin>88</xmin>
			<xmax>172</xmax>
			<ymin>0</ymin>
			<ymax>132</ymax>
		</bndbox>
	</object>
	<object>
		<name>not_reflective</name>
		<pose>Unspecified</pose>
		<truncated>0</truncated>
		<difficult>0</difficult>
		<occluded>0</occluded>
		<bndbox>
			<xmin>97</xmin>
			<xmax>224</xmax>
			<ymin>123</ymin>
			<ymax>224</ymax>
		</bndbox>
	</object>
</annotation>