<annotation>
	<folder />
	<filename>03079_jpg.rf.e02a3a0ad399355d1dfe8d4fd2bdbaaf.jpg</filename>
	<path>03079_jpg.rf.e02a3a0ad399355d1dfe8d4fd2bdbaaf.jpg</path>
	<source>
		<database>roboflow.ai</database>
	</source>
	<size>
		<width>224</width>
		<height>224</height>
		<depth>3</depth>
	</size>
	<segmented>0</segmented>
	<object>
		<name>reflective</name>
		<pose>Unspecified</pose>
		<truncated>0</truncated>
		<difficult>0</difficult>
		<occluded>0</occluded>
		<bndbox>
			<xmin>111</xmin>
			<xmax>176</xmax>
			<ymin>81</ymin>
			<ymax>191</ymax>
		</bndbox>
	</object>
	<object>
		<name>not_helmet</name>
		<pose>Unspecified</pose>
		<truncated>0</truncated>
		<difficult>0</difficult>
		<occluded>0</occluded>
		<bndbox>
			<xmin>131</xmin>
			<xmax>158</xmax>
			<ymin>34</ymin>
			<ymax>84</ymax>
		</bndbox>
	</object>
</annotation>