<annotation>
	<folder />
	<filename>03087_jpg.rf.4207e6d8001b370ee18c4ba8e4ef7c24.jpg</filename>
	<path>03087_jpg.rf.4207e6d8001b370ee18c4ba8e4ef7c24.jpg</path>
	<source>
		<database>roboflow.ai</database>
	</source>
	<size>
		<width>224</width>
		<height>224</height>
		<depth>3</depth>
	</size>
	<segmented>0</segmented>
	<object>
		<name>helmet</name>
		<pose>Unspecified</pose>
		<truncated>0</truncated>
		<difficult>0</difficult>
		<occluded>0</occluded>
		<bndbox>
			<xmin>102</xmin>
			<xmax>115</xmax>
			<ymin>86</ymin>
			<ymax>107</ymax>
		</bndbox>
	</object>
	<object>
		<name>not_reflective</name>
		<pose>Unspecified</pose>
		<truncated>0</truncated>
		<difficult>0</difficult>
		<occluded>0</occluded>
		<bndbox>
			<xmin>94</xmin>
			<xmax>124</xmax>
			<ymin>107</ymin>
			<ymax>152</ymax>
		</bndbox>
	</object>
</annotation>