<annotation>
	<folder />
	<filename>03108_jpg.rf.746005c87a2aa493ff37f8325771179e.jpg</filename>
	<path>03108_jpg.rf.746005c87a2aa493ff37f8325771179e.jpg</path>
	<source>
		<database>roboflow.ai</database>
	</source>
	<size>
		<width>224</width>
		<height>224</height>
		<depth>3</depth>
	</size>
	<segmented>0</segmented>
	<object>
		<name>helmet</name>
		<pose>Unspecified</pose>
		<truncated>0</truncated>
		<difficult>0</difficult>
		<occluded>0</occluded>
		<bndbox>
			<xmin>83</xmin>
			<xmax>134</xmax>
			<ymin>26</ymin>
			<ymax>70</ymax>
		</bndbox>
	</object>
	<object>
		<name>reflective</name>
		<pose>Unspecified</pose>
		<truncated>0</truncated>
		<difficult>0</difficult>
		<occluded>0</occluded>
		<bndbox>
			<xmin>44</xmin>
			<xmax>160</xmax>
			<ymin>67</ymin>
			<ymax>144</ymax>
		</bndbox>
	</object>
</annotation>