<annotation>
	<folder />
	<filename>03112_jpg.rf.4cb9897c448ef4f1131f1df3f2b61ac6.jpg</filename>
	<path>03112_jpg.rf.4cb9897c448ef4f1131f1df3f2b61ac6.jpg</path>
	<source>
		<database>roboflow.ai</database>
	</source>
	<size>
		<width>224</width>
		<height>224</height>
		<depth>3</depth>
	</size>
	<segmented>0</segmented>
	<object>
		<name>reflective</name>
		<pose>Unspecified</pose>
		<truncated>0</truncated>
		<difficult>0</difficult>
		<occluded>0</occluded>
		<bndbox>
			<xmin>64</xmin>
			<xmax>109</xmax>
			<ymin>62</ymin>
			<ymax>127</ymax>
		</bndbox>
	</object>
	<object>
		<name>helmet</name>
		<pose>Unspecified</pose>
		<truncated>0</truncated>
		<difficult>0</difficult>
		<occluded>0</occluded>
		<bndbox>
			<xmin>79</xmin>
			<xmax>94</xmax>
			<ymin>29</ymin>
			<ymax>60</ymax>
		</bndbox>
	</object>
</annotation>