<annotation>
	<folder />
	<filename>03118_jpg.rf.329913f195aa0b0bb80b961bdebd5554.jpg</filename>
	<path>03118_jpg.rf.329913f195aa0b0bb80b961bdebd5554.jpg</path>
	<source>
		<database>roboflow.ai</database>
	</source>
	<size>
		<width>224</width>
		<height>224</height>
		<depth>3</depth>
	</size>
	<segmented>0</segmented>
	<object>
		<name>helmet</name>
		<pose>Unspecified</pose>
		<truncated>0</truncated>
		<difficult>0</difficult>
		<occluded>0</occluded>
		<bndbox>
			<xmin>134</xmin>
			<xmax>189</xmax>
			<ymin>1</ymin>
			<ymax>120</ymax>
		</bndbox>
	</object>
	<object>
		<name>reflective</name>
		<pose>Unspecified</pose>
		<truncated>0</truncated>
		<difficult>0</difficult>
		<occluded>0</occluded>
		<bndbox>
			<xmin>112</xmin>
			<xmax>224</xmax>
			<ymin>84</ymin>
			<ymax>225</ymax>
		</bndbox>
	</object>
</annotation>