<annotation>
	<folder />
	<filename>03404_jpg.rf.8f4c192e04eefc03e8da105e4f6761c8.jpg</filename>
	<path>03404_jpg.rf.8f4c192e04eefc03e8da105e4f6761c8.jpg</path>
	<source>
		<database>roboflow.ai</database>
	</source>
	<size>
		<width>224</width>
		<height>224</height>
		<depth>3</depth>
	</size>
	<segmented>0</segmented>
	<object>
		<name>helmet</name>
		<pose>Unspecified</pose>
		<truncated>0</truncated>
		<difficult>0</difficult>
		<occluded>0</occluded>
		<bndbox>
			<xmin>130</xmin>
			<xmax>143</xmax>
			<ymin>45</ymin>
			<ymax>86</ymax>
		</bndbox>
	</object>
	<object>
		<name>reflective</name>
		<pose>Unspecified</pose>
		<truncated>0</truncated>
		<difficult>0</difficult>
		<occluded>0</occluded>
		<bndbox>
			<xmin>124</xmin>
			<xmax>155</xmax>
			<ymin>78</ymin>
			<ymax>146</ymax>
		</bndbox>
	</object>
</annotation>