<annotation>
	<folder />
	<filename>img05_jpg.rf.252df4f40c49f3d630b06a22206d39c0.jpg</filename>
	<path>img05_jpg.rf.252df4f40c49f3d630b06a22206d39c0.jpg</path>
	<source>
		<database>roboflow.ai</database>
	</source>
	<size>
		<width>224</width>
		<height>224</height>
		<depth>3</depth>
	</size>
	<segmented>0</segmented>
	<object>
		<name>not_helmet</name>
		<pose>Unspecified</pose>
		<truncated>0</truncated>
		<difficult>0</difficult>
		<occluded>0</occluded>
		<bndbox>
			<xmin>99</xmin>
			<xmax>143</xmax>
			<ymin>22</ymin>
			<ymax>89</ymax>
		</bndbox>
	</object>
	<object>
		<name>not_reflective</name>
		<pose>Unspecified</pose>
		<truncated>0</truncated>
		<difficult>0</difficult>
		<occluded>0</occluded>
		<bndbox>
			<xmin>31</xmin>
			<xmax>110</xmax>
			<ymin>50</ymin>
			<ymax>176</ymax>
		</bndbox>
	</object>
</annotation>