<annotation>
	<folder />
	<filename>img09_jpg.rf.7ba89887a8d7b115dda46135b33f7152.jpg</filename>
	<path>img09_jpg.rf.7ba89887a8d7b115dda46135b33f7152.jpg</path>
	<source>
		<database>roboflow.ai</database>
	</source>
	<size>
		<width>224</width>
		<height>224</height>
		<depth>3</depth>
	</size>
	<segmented>0</segmented>
	<object>
		<name>not_reflective</name>
		<pose>Unspecified</pose>
		<truncated>0</truncated>
		<difficult>0</difficult>
		<occluded>0</occluded>
		<bndbox>
			<xmin>2</xmin>
			<xmax>225</xmax>
			<ymin>159</ymin>
			<ymax>225</ymax>
		</bndbox>
	</object>
	<object>
		<name>not_helmet</name>
		<pose>Unspecified</pose>
		<truncated>0</truncated>
		<difficult>0</difficult>
		<occluded>0</occluded>
		<bndbox>
			<xmin>34</xmin>
			<xmax>200</xmax>
			<ymin>4</ymin>
			<ymax>187</ymax>
		</bndbox>
	</object>
</annotation>