<annotation>
	<folder />
	<filename>img08_jpg.rf.f3184a3c8dcb9a1f972f5013d105b650.jpg</filename>
	<path>img08_jpg.rf.f3184a3c8dcb9a1f972f5013d105b650.jpg</path>
	<source>
		<database>roboflow.ai</database>
	</source>
	<size>
		<width>224</width>
		<height>224</height>
		<depth>3</depth>
	</size>
	<segmented>0</segmented>
	<object>
		<name>not_helmet</name>
		<pose>Unspecified</pose>
		<truncated>0</truncated>
		<difficult>0</difficult>
		<occluded>0</occluded>
		<bndbox>
			<xmin>52</xmin>
			<xmax>195</xmax>
			<ymin>0</ymin>
			<ymax>138</ymax>
		</bndbox>
	</object>
	<object>
		<name>not_reflective</name>
		<pose>Unspecified</pose>
		<truncated>0</truncated>
		<difficult>0</difficult>
		<occluded>0</occluded>
		<bndbox>
			<xmin>48</xmin>
			<xmax>224</xmax>
			<ymin>144</ymin>
			<ymax>224</ymax>
		</bndbox>
	</object>
</annotation>