<annotation>
	<folder />
	<filename>img02_jpg.rf.df4cc67799dfd81bab55956c9dc6d900.jpg</filename>
	<path>img02_jpg.rf.df4cc67799dfd81bab55956c9dc6d900.jpg</path>
	<source>
		<database>roboflow.ai</database>
	</source>
	<size>
		<width>224</width>
		<height>224</height>
		<depth>3</depth>
	</size>
	<segmented>0</segmented>
	<object>
		<name>not_helmet</name>
		<pose>Unspecified</pose>
		<truncated>0</truncated>
		<difficult>0</difficult>
		<occluded>0</occluded>
		<bndbox>
			<xmin>119</xmin>
			<xmax>155</xmax>
			<ymin>48</ymin>
			<ymax>120</ymax>
		</bndbox>
	</object>
	<object>
		<name>not_reflective</name>
		<pose>Unspecified</pose>
		<truncated>0</truncated>
		<difficult>0</difficult>
		<occluded>0</occluded>
		<bndbox>
			<xmin>97</xmin>
			<xmax>182</xmax>
			<ymin>113</ymin>
			<ymax>224</ymax>
		</bndbox>
	</object>
</annotation>