<annotation>
	<folder />
	<filename>img03_png.rf.87c203dc3f4e0c14f5dd19f3560f94b8.jpg</filename>
	<path>img03_png.rf.87c203dc3f4e0c14f5dd19f3560f94b8.jpg</path>
	<source>
		<database>roboflow.ai</database>
	</source>
	<size>
		<width>224</width>
		<height>224</height>
		<depth>3</depth>
	</size>
	<segmented>0</segmented>
	<object>
		<name>not_helmet</name>
		<pose>Unspecified</pose>
		<truncated>0</truncated>
		<difficult>0</difficult>
		<occluded>0</occluded>
		<bndbox>
			<xmin>75</xmin>
			<xmax>119</xmax>
			<ymin>26</ymin>
			<ymax>101</ymax>
		</bndbox>
	</object>
	<object>
		<name>not_reflective</name>
		<pose>Unspecified</pose>
		<truncated>0</truncated>
		<difficult>0</difficult>
		<occluded>0</occluded>
		<bndbox>
			<xmin>45</xmin>
			<xmax>99</xmax>
			<ymin>77</ymin>
			<ymax>224</ymax>
		</bndbox>
	</object>
</annotation>