<annotation>
	<folder />
	<filename>img07_jpg.rf.752c47724c59c87a0722a2c735e42c0a.jpg</filename>
	<path>img07_jpg.rf.752c47724c59c87a0722a2c735e42c0a.jpg</path>
	<source>
		<database>roboflow.ai</database>
	</source>
	<size>
		<width>224</width>
		<height>224</height>
		<depth>3</depth>
	</size>
	<segmented>0</segmented>
	<object>
		<name>not_helmet</name>
		<pose>Unspecified</pose>
		<truncated>0</truncated>
		<difficult>0</difficult>
		<occluded>0</occluded>
		<bndbox>
			<xmin>45</xmin>
			<xmax>97</xmax>
			<ymin>31</ymin>
			<ymax>116</ymax>
		</bndbox>
	</object>
	<object>
		<name>not_reflective</name>
		<pose>Unspecified</pose>
		<truncated>0</truncated>
		<difficult>0</difficult>
		<occluded>0</occluded>
		<bndbox>
			<xmin>7</xmin>
			<xmax>88</xmax>
			<ymin>112</ymin>
			<ymax>225</ymax>
		</bndbox>
	</object>
</annotation>