<annotation>
	<folder />
	<filename>img01_jpg.rf.48b3082b408d6cbcb2a8313cb7eb6311.jpg</filename>
	<path>img01_jpg.rf.48b3082b408d6cbcb2a8313cb7eb6311.jpg</path>
	<source>
		<database>roboflow.ai</database>
	</source>
	<size>
		<width>224</width>
		<height>224</height>
		<depth>3</depth>
	</size>
	<segmented>0</segmented>
	<object>
		<name>not_reflective</name>
		<pose>Unspecified</pose>
		<truncated>0</truncated>
		<difficult>0</difficult>
		<occluded>0</occluded>
		<bndbox>
			<xmin>3</xmin>
			<xmax>76</xmax>
			<ymin>54</ymin>
			<ymax>149</ymax>
		</bndbox>
	</object>
	<object>
		<name>not_helmet</name>
		<pose>Unspecified</pose>
		<truncated>0</truncated>
		<difficult>0</difficult>
		<occluded>0</occluded>
		<bndbox>
			<xmin>45</xmin>
			<xmax>88</xmax>
			<ymin>0</ymin>
			<ymax>60</ymax>
		</bndbox>
	</object>
</annotation>