<annotation>
	<folder />
	<filename>img01_png.rf.b5dd39d119ab7275937b541506838d3f.jpg</filename>
	<path>img01_png.rf.b5dd39d119ab7275937b541506838d3f.jpg</path>
	<source>
		<database>roboflow.ai</database>
	</source>
	<size>
		<width>224</width>
		<height>224</height>
		<depth>3</depth>
	</size>
	<segmented>0</segmented>
	<object>
		<name>not_helmet</name>
		<pose>Unspecified</pose>
		<truncated>0</truncated>
		<difficult>0</difficult>
		<occluded>0</occluded>
		<bndbox>
			<xmin>0</xmin>
			<xmax>91</xmax>
			<ymin>0</ymin>
			<ymax>208</ymax>
		</bndbox>
	</object>
	<object>
		<name>not_reflective</name>
		<pose>Unspecified</pose>
		<truncated>0</truncated>
		<difficult>0</difficult>
		<occluded>0</occluded>
		<bndbox>
			<xmin>0</xmin>
			<xmax>192</xmax>
			<ymin>132</ymin>
			<ymax>224</ymax>
		</bndbox>
	</object>
</annotation>