<annotation>
	<folder />
	<filename>img10_png.rf.59ee2804ed931f3a4be3555f525046ff.jpg</filename>
	<path>img10_png.rf.59ee2804ed931f3a4be3555f525046ff.jpg</path>
	<source>
		<database>roboflow.ai</database>
	</source>
	<size>
		<width>224</width>
		<height>224</height>
		<depth>3</depth>
	</size>
	<segmented>0</segmented>
	<object>
		<name>helmet</name>
		<pose>Unspecified</pose>
		<truncated>0</truncated>
		<difficult>0</difficult>
		<occluded>0</occluded>
		<bndbox>
			<xmin>63</xmin>
			<xmax>150</xmax>
			<ymin>0</ymin>
			<ymax>187</ymax>
		</bndbox>
	</object>
	<object>
		<name>not_reflective</name>
		<pose>Unspecified</pose>
		<truncated>0</truncated>
		<difficult>0</difficult>
		<occluded>0</occluded>
		<bndbox>
			<xmin>77</xmin>
			<xmax>223</xmax>
			<ymin>126</ymin>
			<ymax>224</ymax>
		</bndbox>
	</object>
</annotation>