<annotation>
	<folder />
	<filename>img12_jpg.rf.4384300f7618dbf44f1e4cd33725e1f8.jpg</filename>
	<path>img12_jpg.rf.4384300f7618dbf44f1e4cd33725e1f8.jpg</path>
	<source>
		<database>roboflow.ai</database>
	</source>
	<size>
		<width>224</width>
		<height>224</height>
		<depth>3</depth>
	</size>
	<segmented>0</segmented>
	<object>
		<name>helmet</name>
		<pose>Unspecified</pose>
		<truncated>0</truncated>
		<difficult>0</difficult>
		<occluded>0</occluded>
		<bndbox>
			<xmin>98</xmin>
			<xmax>178</xmax>
			<ymin>8</ymin>
			<ymax>171</ymax>
		</bndbox>
	</object>
	<object>
		<name>reflective</name>
		<pose>Unspecified</pose>
		<truncated>0</truncated>
		<difficult>0</difficult>
		<occluded>0</occluded>
		<bndbox>
			<xmin>78</xmin>
			<xmax>216</xmax>
			<ymin>156</ymin>
			<ymax>224</ymax>
		</bndbox>
	</object>
</annotation>