<annotation>
	<folder />
	<filename>img16_jpg.rf.0a4e16382099ba4b1c61b12f0ffcc39a.jpg</filename>
	<path>img16_jpg.rf.0a4e16382099ba4b1c61b12f0ffcc39a.jpg</path>
	<source>
		<database>roboflow.ai</database>
	</source>
	<size>
		<width>224</width>
		<height>224</height>
		<depth>3</depth>
	</size>
	<segmented>0</segmented>
	<object>
		<name>not_helmet</name>
		<pose>Unspecified</pose>
		<truncated>0</truncated>
		<difficult>0</difficult>
		<occluded>0</occluded>
		<bndbox>
			<xmin>75</xmin>
			<xmax>145</xmax>
			<ymin>0</ymin>
			<ymax>119</ymax>
		</bndbox>
	</object>
	<object>
		<name>not_reflective</name>
		<pose>Unspecified</pose>
		<truncated>0</truncated>
		<difficult>0</difficult>
		<occluded>0</occluded>
		<bndbox>
			<xmin>53</xmin>
			<xmax>217</xmax>
			<ymin>105</ymin>
			<ymax>224</ymax>
		</bndbox>
	</object>
</annotation>