<annotation>
	<folder />
	<filename>img15_png.rf.52885c93a8d783f52398927e6e2f504c.jpg</filename>
	<path>img15_png.rf.52885c93a8d783f52398927e6e2f504c.jpg</path>
	<source>
		<database>roboflow.ai</database>
	</source>
	<size>
		<width>224</width>
		<height>224</height>
		<depth>3</depth>
	</size>
	<segmented>0</segmented>
	<object>
		<name>not_helmet</name>
		<pose>Unspecified</pose>
		<truncated>0</truncated>
		<difficult>0</difficult>
		<occluded>0</occluded>
		<bndbox>
			<xmin>70</xmin>
			<xmax>82</xmax>
			<ymin>55</ymin>
			<ymax>84</ymax>
		</bndbox>
	</object>
	<object>
		<name>not_reflective</name>
		<pose>Unspecified</pose>
		<truncated>0</truncated>
		<difficult>0</difficult>
		<occluded>0</occluded>
		<bndbox>
			<xmin>66</xmin>
			<xmax>86</xmax>
			<ymin>75</ymin>
			<ymax>143</ymax>
		</bndbox>
	</object>
</annotation>