<annotation>
	<folder />
	<filename>img15_jpg.rf.97b7824f6029762086fb1adfc266542c.jpg</filename>
	<path>img15_jpg.rf.97b7824f6029762086fb1adfc266542c.jpg</path>
	<source>
		<database>roboflow.ai</database>
	</source>
	<size>
		<width>224</width>
		<height>224</height>
		<depth>3</depth>
	</size>
	<segmented>0</segmented>
	<object>
		<name>helmet</name>
		<pose>Unspecified</pose>
		<truncated>0</truncated>
		<difficult>0</difficult>
		<occluded>0</occluded>
		<bndbox>
			<xmin>111</xmin>
			<xmax>224</xmax>
			<ymin>0</ymin>
			<ymax>170</ymax>
		</bndbox>
	</object>
	<object>
		<name>reflective</name>
		<pose>Unspecified</pose>
		<truncated>0</truncated>
		<difficult>0</difficult>
		<occluded>0</occluded>
		<bndbox>
			<xmin>104</xmin>
			<xmax>224</xmax>
			<ymin>152</ymin>
			<ymax>224</ymax>
		</bndbox>
	</object>
</annotation>