<annotation>
	<folder />
	<filename>img11_jpg.rf.22646f9cc63cad6b35f3eb97968f2ffc.jpg</filename>
	<path>img11_jpg.rf.22646f9cc63cad6b35f3eb97968f2ffc.jpg</path>
	<source>
		<database>roboflow.ai</database>
	</source>
	<size>
		<width>224</width>
		<height>224</height>
		<depth>3</depth>
	</size>
	<segmented>0</segmented>
	<object>
		<name>helmet</name>
		<pose>Unspecified</pose>
		<truncated>0</truncated>
		<difficult>0</difficult>
		<occluded>0</occluded>
		<bndbox>
			<xmin>136</xmin>
			<xmax>176</xmax>
			<ymin>24</ymin>
			<ymax>99</ymax>
		</bndbox>
	</object>
	<object>
		<name>reflective</name>
		<pose>Unspecified</pose>
		<truncated>0</truncated>
		<difficult>0</difficult>
		<occluded>0</occluded>
		<bndbox>
			<xmin>104</xmin>
			<xmax>193</xmax>
			<ymin>96</ymin>
			<ymax>224</ymax>
		</bndbox>
	</object>
</annotation>