<annotation>
	<folder />
	<filename>img16_png.rf.31a8752482199d947f3d507dcf87a3f6.jpg</filename>
	<path>img16_png.rf.31a8752482199d947f3d507dcf87a3f6.jpg</path>
	<source>
		<database>roboflow.ai</database>
	</source>
	<size>
		<width>224</width>
		<height>224</height>
		<depth>3</depth>
	</size>
	<segmented>0</segmented>
	<object>
		<name>helmet</name>
		<pose>Unspecified</pose>
		<truncated>0</truncated>
		<difficult>0</difficult>
		<occluded>0</occluded>
		<bndbox>
			<xmin>10</xmin>
			<xmax>69</xmax>
			<ymin>0</ymin>
			<ymax>103</ymax>
		</bndbox>
	</object>
	<object>
		<name>not_helmet</name>
		<pose>Unspecified</pose>
		<truncated>0</truncated>
		<difficult>0</difficult>
		<occluded>0</occluded>
		<bndbox>
			<xmin>126</xmin>
			<xmax>159</xmax>
			<ymin>31</ymin>
			<ymax>109</ymax>
		</bndbox>
	</object>
	<object>
		<name>not_reflective</name>
		<pose>Unspecified</pose>
		<truncated>0</truncated>
		<difficult>0</difficult>
		<occluded>0</occluded>
		<bndbox>
			<xmin>0</xmin>
			<xmax>65</xmax>
			<ymin>54</ymin>
			<ymax>224</ymax>
		</bndbox>
	</object>
	<object>
		<name>not_reflective</name>
		<pose>Unspecified</pose>
		<truncated>0</truncated>
		<difficult>0</difficult>
		<occluded>0</occluded>
		<bndbox>
			<xmin>101</xmin>
			<xmax>187</xmax>
			<ymin>88</ymin>
			<ymax>224</ymax>
		</bndbox>
	</object>
</annotation>