<annotation>
	<folder />
	<filename>img13_png.rf.f564a5834457cac562a78fd27f42d91f.jpg</filename>
	<path>img13_png.rf.f564a5834457cac562a78fd27f42d91f.jpg</path>
	<source>
		<database>roboflow.ai</database>
	</source>
	<size>
		<width>224</width>
		<height>224</height>
		<depth>3</depth>
	</size>
	<segmented>0</segmented>
	<object>
		<name>not_helmet</name>
		<pose>Unspecified</pose>
		<truncated>0</truncated>
		<difficult>0</difficult>
		<occluded>0</occluded>
		<bndbox>
			<xmin>0</xmin>
			<xmax>94</xmax>
			<ymin>0</ymin>
			<ymax>214</ymax>
		</bndbox>
	</object>
	<object>
		<name>not_reflective</name>
		<pose>Unspecified</pose>
		<truncated>0</truncated>
		<difficult>0</difficult>
		<occluded>0</occluded>
		<bndbox>
			<xmin>0</xmin>
			<xmax>215</xmax>
			<ymin>133</ymin>
			<ymax>224</ymax>
		</bndbox>
	</object>
</annotation>