<annotation>
	<folder />
	<filename>img18_jpg.rf.5cca71a14f3118a6a313aaa2a78a364c.jpg</filename>
	<path>img18_jpg.rf.5cca71a14f3118a6a313aaa2a78a364c.jpg</path>
	<source>
		<database>roboflow.ai</database>
	</source>
	<size>
		<width>224</width>
		<height>224</height>
		<depth>3</depth>
	</size>
	<segmented>0</segmented>
	<object>
		<name>not_helmet</name>
		<pose>Unspecified</pose>
		<truncated>0</truncated>
		<difficult>0</difficult>
		<occluded>0</occluded>
		<bndbox>
			<xmin>67</xmin>
			<xmax>191</xmax>
			<ymin>18</ymin>
			<ymax>120</ymax>
		</bndbox>
	</object>
	<object>
		<name>not_reflective</name>
		<pose>Unspecified</pose>
		<truncated>0</truncated>
		<difficult>0</difficult>
		<occluded>0</occluded>
		<bndbox>
			<xmin>1</xmin>
			<xmax>225</xmax>
			<ymin>108</ymin>
			<ymax>224</ymax>
		</bndbox>
	</object>
</annotation>