<annotation>
	<folder />
	<filename>img12_png.rf.c2c27147cb36861f11a842796b27ce91.jpg</filename>
	<path>img12_png.rf.c2c27147cb36861f11a842796b27ce91.jpg</path>
	<source>
		<database>roboflow.ai</database>
	</source>
	<size>
		<width>224</width>
		<height>224</height>
		<depth>3</depth>
	</size>
	<segmented>0</segmented>
	<object>
		<name>helmet</name>
		<pose>Unspecified</pose>
		<truncated>0</truncated>
		<difficult>0</difficult>
		<occluded>0</occluded>
		<bndbox>
			<xmin>83</xmin>
			<xmax>137</xmax>
			<ymin>22</ymin>
			<ymax>150</ymax>
		</bndbox>
	</object>
	<object>
		<name>not_reflective</name>
		<pose>Unspecified</pose>
		<truncated>0</truncated>
		<difficult>0</difficult>
		<occluded>0</occluded>
		<bndbox>
			<xmin>57</xmin>
			<xmax>184</xmax>
			<ymin>128</ymin>
			<ymax>224</ymax>
		</bndbox>
	</object>
</annotation>