<annotation>
	<folder />
	<filename>img21_png.rf.a61c52af4f1419f300da51ea1940d56d.jpg</filename>
	<path>img21_png.rf.a61c52af4f1419f300da51ea1940d56d.jpg</path>
	<source>
		<database>roboflow.ai</database>
	</source>
	<size>
		<width>224</width>
		<height>224</height>
		<depth>3</depth>
	</size>
	<segmented>0</segmented>
	<object>
		<name>not_helmet</name>
		<pose>Unspecified</pose>
		<truncated>0</truncated>
		<difficult>0</difficult>
		<occluded>0</occluded>
		<bndbox>
			<xmin>83</xmin>
			<xmax>116</xmax>
			<ymin>43</ymin>
			<ymax>96</ymax>
		</bndbox>
	</object>
	<object>
		<name>not_reflective</name>
		<pose>Unspecified</pose>
		<truncated>0</truncated>
		<difficult>0</difficult>
		<occluded>0</occluded>
		<bndbox>
			<xmin>37</xmin>
			<xmax>161</xmax>
			<ymin>78</ymin>
			<ymax>206</ymax>
		</bndbox>
	</object>
</annotation>