<annotation>
	<folder />
	<filename>img20-jpg_png.rf.f433d319eeed5e8a5aabaaed457b58df.jpg</filename>
	<path>img20-jpg_png.rf.f433d319eeed5e8a5aabaaed457b58df.jpg</path>
	<source>
		<database>roboflow.ai</database>
	</source>
	<size>
		<width>224</width>
		<height>224</height>
		<depth>3</depth>
	</size>
	<segmented>0</segmented>
	<object>
		<name>not_helmet</name>
		<pose>Unspecified</pose>
		<truncated>0</truncated>
		<difficult>0</difficult>
		<occluded>0</occluded>
		<bndbox>
			<xmin>89</xmin>
			<xmax>123</xmax>
			<ymin>17</ymin>
			<ymax>83</ymax>
		</bndbox>
	</object>
	<object>
		<name>not_reflective</name>
		<pose>Unspecified</pose>
		<truncated>0</truncated>
		<difficult>0</difficult>
		<occluded>0</occluded>
		<bndbox>
			<xmin>55</xmin>
			<xmax>143</xmax>
			<ymin>71</ymin>
			<ymax>211</ymax>
		</bndbox>
	</object>
</annotation>