<annotation>
	<folder />
	<filename>img_01_jpg.rf.2e806fe54095c11baad85ac506dc6aa1.jpg</filename>
	<path>img_01_jpg.rf.2e806fe54095c11baad85ac506dc6aa1.jpg</path>
	<source>
		<database>roboflow.ai</database>
	</source>
	<size>
		<width>224</width>
		<height>224</height>
		<depth>3</depth>
	</size>
	<segmented>0</segmented>
	<object>
		<name>not_helmet</name>
		<pose>Unspecified</pose>
		<truncated>0</truncated>
		<difficult>0</difficult>
		<occluded>0</occluded>
		<bndbox>
			<xmin>71</xmin>
			<xmax>163</xmax>
			<ymin>41</ymin>
			<ymax>108</ymax>
		</bndbox>
	</object>
	<object>
		<name>not_reflective</name>
		<pose>Unspecified</pose>
		<truncated>0</truncated>
		<difficult>0</difficult>
		<occluded>0</occluded>
		<bndbox>
			<xmin>13</xmin>
			<xmax>196</xmax>
			<ymin>113</ymin>
			<ymax>224</ymax>
		</bndbox>
	</object>
</annotation>