<annotation>
	<folder />
	<filename>img_30_jpg.rf.353d87e1d1fc56eac48831adc4492367.jpg</filename>
	<path>img_30_jpg.rf.353d87e1d1fc56eac48831adc4492367.jpg</path>
	<source>
		<database>roboflow.ai</database>
	</source>
	<size>
		<width>224</width>
		<height>224</height>
		<depth>3</depth>
	</size>
	<segmented>0</segmented>
	<object>
		<name>not_helmet</name>
		<pose>Unspecified</pose>
		<truncated>0</truncated>
		<difficult>0</difficult>
		<occluded>0</occluded>
		<bndbox>
			<xmin>95</xmin>
			<xmax>142</xmax>
			<ymin>2</ymin>
			<ymax>65</ymax>
		</bndbox>
	</object>
	<object>
		<name>not_reflective</name>
		<pose>Unspecified</pose>
		<truncated>0</truncated>
		<difficult>0</difficult>
		<occluded>0</occluded>
		<bndbox>
			<xmin>64</xmin>
			<xmax>157</xmax>
			<ymin>60</ymin>
			<ymax>192</ymax>
		</bndbox>
	</object>
</annotation>