<annotation>
	<folder />
	<filename>img_11_jpg.rf.5156d31ad6695dfc45e0694ca8c4b241.jpg</filename>
	<path>img_11_jpg.rf.5156d31ad6695dfc45e0694ca8c4b241.jpg</path>
	<source>
		<database>roboflow.ai</database>
	</source>
	<size>
		<width>224</width>
		<height>224</height>
		<depth>3</depth>
	</size>
	<segmented>0</segmented>
	<object>
		<name>not_helmet</name>
		<pose>Unspecified</pose>
		<truncated>0</truncated>
		<difficult>0</difficult>
		<occluded>0</occluded>
		<bndbox>
			<xmin>97</xmin>
			<xmax>132</xmax>
			<ymin>22</ymin>
			<ymax>85</ymax>
		</bndbox>
	</object>
	<object>
		<name>not_reflective</name>
		<pose>Unspecified</pose>
		<truncated>0</truncated>
		<difficult>0</difficult>
		<occluded>0</occluded>
		<bndbox>
			<xmin>76</xmin>
			<xmax>155</xmax>
			<ymin>95</ymin>
			<ymax>190</ymax>
		</bndbox>
	</object>
</annotation>