<annotation>
	<folder />
	<filename>img_14_jpg.rf.c365c1acba844c55d3f05fb09e1bd5c6.jpg</filename>
	<path>img_14_jpg.rf.c365c1acba844c55d3f05fb09e1bd5c6.jpg</path>
	<source>
		<database>roboflow.ai</database>
	</source>
	<size>
		<width>224</width>
		<height>224</height>
		<depth>3</depth>
	</size>
	<segmented>0</segmented>
	<object>
		<name>not_reflective</name>
		<pose>Unspecified</pose>
		<truncated>0</truncated>
		<difficult>0</difficult>
		<occluded>0</occluded>
		<bndbox>
			<xmin>55</xmin>
			<xmax>187</xmax>
			<ymin>99</ymin>
			<ymax>224</ymax>
		</bndbox>
	</object>
	<object>
		<name>not_helmet</name>
		<pose>Unspecified</pose>
		<truncated>0</truncated>
		<difficult>0</difficult>
		<occluded>0</occluded>
		<bndbox>
			<xmin>97</xmin>
			<xmax>147</xmax>
			<ymin>16</ymin>
			<ymax>116</ymax>
		</bndbox>
	</object>
</annotation>