<annotation>
	<folder />
	<filename>img_11_jpg.rf.6fdaaf61224993bac076947a5f97ca2c.jpg</filename>
	<path>img_11_jpg.rf.6fdaaf61224993bac076947a5f97ca2c.jpg</path>
	<source>
		<database>roboflow.ai</database>
	</source>
	<size>
		<width>224</width>
		<height>224</height>
		<depth>3</depth>
	</size>
	<segmented>0</segmented>
	<object>
		<name>not_helmet</name>
		<pose>Unspecified</pose>
		<truncated>0</truncated>
		<difficult>0</difficult>
		<occluded>0</occluded>
		<bndbox>
			<xmin>82</xmin>
			<xmax>147</xmax>
			<ymin>1</ymin>
			<ymax>152</ymax>
		</bndbox>
	</object>
	<object>
		<name>not_reflective</name>
		<pose>Unspecified</pose>
		<truncated>0</truncated>
		<difficult>0</difficult>
		<occluded>0</occluded>
		<bndbox>
			<xmin>33</xmin>
			<xmax>199</xmax>
			<ymin>148</ymin>
			<ymax>225</ymax>
		</bndbox>
	</object>
</annotation>