<annotation>
	<folder />
	<filename>img_19_jpg.rf.a3e3fae3ab111bf99f3fac26250899c8.jpg</filename>
	<path>img_19_jpg.rf.a3e3fae3ab111bf99f3fac26250899c8.jpg</path>
	<source>
		<database>roboflow.ai</database>
	</source>
	<size>
		<width>224</width>
		<height>224</height>
		<depth>3</depth>
	</size>
	<segmented>0</segmented>
	<object>
		<name>not_helmet</name>
		<pose>Unspecified</pose>
		<truncated>0</truncated>
		<difficult>0</difficult>
		<occluded>0</occluded>
		<bndbox>
			<xmin>51</xmin>
			<xmax>172</xmax>
			<ymin>16</ymin>
			<ymax>179</ymax>
		</bndbox>
	</object>
	<object>
		<name>not_reflective</name>
		<pose>Unspecified</pose>
		<truncated>0</truncated>
		<difficult>0</difficult>
		<occluded>0</occluded>
		<bndbox>
			<xmin>0</xmin>
			<xmax>224</xmax>
			<ymin>175</ymin>
			<ymax>224</ymax>
		</bndbox>
	</object>
</annotation>