<annotation>
	<folder />
	<filename>img_07_jpg.rf.c82bbf8621313ba06607fc35936f8bc1.jpg</filename>
	<path>img_07_jpg.rf.c82bbf8621313ba06607fc35936f8bc1.jpg</path>
	<source>
		<database>roboflow.ai</database>
	</source>
	<size>
		<width>224</width>
		<height>224</height>
		<depth>3</depth>
	</size>
	<segmented>0</segmented>
	<object>
		<name>not_helmet</name>
		<pose>Unspecified</pose>
		<truncated>0</truncated>
		<difficult>0</difficult>
		<occluded>0</occluded>
		<bndbox>
			<xmin>74</xmin>
			<xmax>152</xmax>
			<ymin>14</ymin>
			<ymax>101</ymax>
		</bndbox>
	</object>
	<object>
		<name>not_reflective</name>
		<pose>Unspecified</pose>
		<truncated>0</truncated>
		<difficult>0</difficult>
		<occluded>0</occluded>
		<bndbox>
			<xmin>16</xmin>
			<xmax>212</xmax>
			<ymin>98</ymin>
			<ymax>224</ymax>
		</bndbox>
	</object>
</annotation>