<annotation>
	<folder />
	<filename>img_10_jpg.rf.d00df98313d22439ca0015843d6683b1.jpg</filename>
	<path>img_10_jpg.rf.d00df98313d22439ca0015843d6683b1.jpg</path>
	<source>
		<database>roboflow.ai</database>
	</source>
	<size>
		<width>224</width>
		<height>224</height>
		<depth>3</depth>
	</size>
	<segmented>0</segmented>
	<object>
		<name>not_helmet</name>
		<pose>Unspecified</pose>
		<truncated>0</truncated>
		<difficult>0</difficult>
		<occluded>0</occluded>
		<bndbox>
			<xmin>95</xmin>
			<xmax>130</xmax>
			<ymin>19</ymin>
			<ymax>90</ymax>
		</bndbox>
	</object>
	<object>
		<name>not_reflective</name>
		<pose>Unspecified</pose>
		<truncated>0</truncated>
		<difficult>0</difficult>
		<occluded>0</occluded>
		<bndbox>
			<xmin>74</xmin>
			<xmax>148</xmax>
			<ymin>98</ymin>
			<ymax>198</ymax>
		</bndbox>
	</object>
</annotation>