<annotation>
	<folder />
	<filename>img_01_jpg.rf.371b23d83c48a57c152e9e2156d0f3cf.jpg</filename>
	<path>img_01_jpg.rf.371b23d83c48a57c152e9e2156d0f3cf.jpg</path>
	<source>
		<database>roboflow.ai</database>
	</source>
	<size>
		<width>224</width>
		<height>224</height>
		<depth>3</depth>
	</size>
	<segmented>0</segmented>
	<object>
		<name>not_helmet</name>
		<pose>Unspecified</pose>
		<truncated>0</truncated>
		<difficult>0</difficult>
		<occluded>0</occluded>
		<bndbox>
			<xmin>81</xmin>
			<xmax>145</xmax>
			<ymin>12</ymin>
			<ymax>155</ymax>
		</bndbox>
	</object>
	<object>
		<name>not_reflective</name>
		<pose>Unspecified</pose>
		<truncated>0</truncated>
		<difficult>0</difficult>
		<occluded>0</occluded>
		<bndbox>
			<xmin>27</xmin>
			<xmax>201</xmax>
			<ymin>152</ymin>
			<ymax>225</ymax>
		</bndbox>
	</object>
</annotation>