<annotation>
	<folder />
	<filename>img_28_jpg.rf.64784cf93eacf756d7840f65af21291f.jpg</filename>
	<path>img_28_jpg.rf.64784cf93eacf756d7840f65af21291f.jpg</path>
	<source>
		<database>roboflow.ai</database>
	</source>
	<size>
		<width>224</width>
		<height>224</height>
		<depth>3</depth>
	</size>
	<segmented>0</segmented>
	<object>
		<name>not_helmet</name>
		<pose>Unspecified</pose>
		<truncated>0</truncated>
		<difficult>0</difficult>
		<occluded>0</occluded>
		<bndbox>
			<xmin>87</xmin>
			<xmax>138</xmax>
			<ymin>19</ymin>
			<ymax>53</ymax>
		</bndbox>
	</object>
	<object>
		<name>not_reflective</name>
		<pose>Unspecified</pose>
		<truncated>0</truncated>
		<difficult>0</difficult>
		<occluded>0</occluded>
		<bndbox>
			<xmin>66</xmin>
			<xmax>157</xmax>
			<ymin>50</ymin>
			<ymax>112</ymax>
		</bndbox>
	</object>
</annotation>