<annotation>
	<folder />
	<filename>img_09_jpg.rf.1cb097918280e326d936027dd8a5951e.jpg</filename>
	<path>img_09_jpg.rf.1cb097918280e326d936027dd8a5951e.jpg</path>
	<source>
		<database>roboflow.ai</database>
	</source>
	<size>
		<width>224</width>
		<height>224</height>
		<depth>3</depth>
	</size>
	<segmented>0</segmented>
	<object>
		<name>not_helmet</name>
		<pose>Unspecified</pose>
		<truncated>0</truncated>
		<difficult>0</difficult>
		<occluded>0</occluded>
		<bndbox>
			<xmin>78</xmin>
			<xmax>158</xmax>
			<ymin>1</ymin>
			<ymax>153</ymax>
		</bndbox>
	</object>
	<object>
		<name>not_reflective</name>
		<pose>Unspecified</pose>
		<truncated>0</truncated>
		<difficult>0</difficult>
		<occluded>0</occluded>
		<bndbox>
			<xmin>41</xmin>
			<xmax>193</xmax>
			<ymin>166</ymin>
			<ymax>225</ymax>
		</bndbox>
	</object>
</annotation>