<annotation>
	<folder />
	<filename>img_20_jpg.rf.7bd8f06c704a546b80f9826d2fdff12a.jpg</filename>
	<path>img_20_jpg.rf.7bd8f06c704a546b80f9826d2fdff12a.jpg</path>
	<source>
		<database>roboflow.ai</database>
	</source>
	<size>
		<width>224</width>
		<height>224</height>
		<depth>3</depth>
	</size>
	<segmented>0</segmented>
	<object>
		<name>not_reflective</name>
		<pose>Unspecified</pose>
		<truncated>0</truncated>
		<difficult>0</difficult>
		<occluded>0</occluded>
		<bndbox>
			<xmin>57</xmin>
			<xmax>172</xmax>
			<ymin>66</ymin>
			<ymax>201</ymax>
		</bndbox>
	</object>
	<object>
		<name>not_helmet</name>
		<pose>Unspecified</pose>
		<truncated>0</truncated>
		<difficult>0</difficult>
		<occluded>0</occluded>
		<bndbox>
			<xmin>90</xmin>
			<xmax>143</xmax>
			<ymin>5</ymin>
			<ymax>76</ymax>
		</bndbox>
	</object>
</annotation>