<annotation>
	<folder />
	<filename>img_08_jpg.rf.256ccd63cd7c2ff341a2b3d66e6e943c.jpg</filename>
	<path>img_08_jpg.rf.256ccd63cd7c2ff341a2b3d66e6e943c.jpg</path>
	<source>
		<database>roboflow.ai</database>
	</source>
	<size>
		<width>224</width>
		<height>224</height>
		<depth>3</depth>
	</size>
	<segmented>0</segmented>
	<object>
		<name>not_helmet</name>
		<pose>Unspecified</pose>
		<truncated>0</truncated>
		<difficult>0</difficult>
		<occluded>0</occluded>
		<bndbox>
			<xmin>114</xmin>
			<xmax>169</xmax>
			<ymin>8</ymin>
			<ymax>104</ymax>
		</bndbox>
	</object>
	<object>
		<name>not_reflective</name>
		<pose>Unspecified</pose>
		<truncated>0</truncated>
		<difficult>0</difficult>
		<occluded>0</occluded>
		<bndbox>
			<xmin>91</xmin>
			<xmax>192</xmax>
			<ymin>98</ymin>
			<ymax>224</ymax>
		</bndbox>
	</object>
</annotation>