<annotation>
	<folder />
	<filename>img_20_jpg.rf.e9a2de04a98ebff75307a7d43537c191.jpg</filename>
	<path>img_20_jpg.rf.e9a2de04a98ebff75307a7d43537c191.jpg</path>
	<source>
		<database>roboflow.ai</database>
	</source>
	<size>
		<width>224</width>
		<height>224</height>
		<depth>3</depth>
	</size>
	<segmented>0</segmented>
	<object>
		<name>not_helmet</name>
		<pose>Unspecified</pose>
		<truncated>0</truncated>
		<difficult>0</difficult>
		<occluded>0</occluded>
		<bndbox>
			<xmin>54</xmin>
			<xmax>168</xmax>
			<ymin>8</ymin>
			<ymax>179</ymax>
		</bndbox>
	</object>
	<object>
		<name>not_reflective</name>
		<pose>Unspecified</pose>
		<truncated>0</truncated>
		<difficult>0</difficult>
		<occluded>0</occluded>
		<bndbox>
			<xmin>0</xmin>
			<xmax>224</xmax>
			<ymin>169</ymin>
			<ymax>224</ymax>
		</bndbox>
	</object>
</annotation>