<annotation>
	<folder />
	<filename>img_18_jpg.rf.f103a79cf1c5dfe97b028baf11588a26.jpg</filename>
	<path>img_18_jpg.rf.f103a79cf1c5dfe97b028baf11588a26.jpg</path>
	<source>
		<database>roboflow.ai</database>
	</source>
	<size>
		<width>224</width>
		<height>224</height>
		<depth>3</depth>
	</size>
	<segmented>0</segmented>
	<object>
		<name>not_helmet</name>
		<pose>Unspecified</pose>
		<truncated>0</truncated>
		<difficult>0</difficult>
		<occluded>0</occluded>
		<bndbox>
			<xmin>37</xmin>
			<xmax>179</xmax>
			<ymin>9</ymin>
			<ymax>196</ymax>
		</bndbox>
	</object>
	<object>
		<name>not_reflective</name>
		<pose>Unspecified</pose>
		<truncated>0</truncated>
		<difficult>0</difficult>
		<occluded>0</occluded>
		<bndbox>
			<xmin>0</xmin>
			<xmax>224</xmax>
			<ymin>179</ymin>
			<ymax>224</ymax>
		</bndbox>
	</object>
</annotation>