<annotation>
	<folder />
	<filename>img_03_jpg.rf.c8b760b2dce9bd67adda019db02a977c.jpg</filename>
	<path>img_03_jpg.rf.c8b760b2dce9bd67adda019db02a977c.jpg</path>
	<source>
		<database>roboflow.ai</database>
	</source>
	<size>
		<width>224</width>
		<height>224</height>
		<depth>3</depth>
	</size>
	<segmented>0</segmented>
	<object>
		<name>not_helmet</name>
		<pose>Unspecified</pose>
		<truncated>0</truncated>
		<difficult>0</difficult>
		<occluded>0</occluded>
		<bndbox>
			<xmin>74</xmin>
			<xmax>118</xmax>
			<ymin>6</ymin>
			<ymax>93</ymax>
		</bndbox>
	</object>
	<object>
		<name>not_reflective</name>
		<pose>Unspecified</pose>
		<truncated>0</truncated>
		<difficult>0</difficult>
		<occluded>0</occluded>
		<bndbox>
			<xmin>65</xmin>
			<xmax>142</xmax>
			<ymin>92</ymin>
			<ymax>212</ymax>
		</bndbox>
	</object>
</annotation>