<annotation>
	<folder />
	<filename>img_02_jpg.rf.1817978a2d8720d83921ef4b9d085e72.jpg</filename>
	<path>img_02_jpg.rf.1817978a2d8720d83921ef4b9d085e72.jpg</path>
	<source>
		<database>roboflow.ai</database>
	</source>
	<size>
		<width>224</width>
		<height>224</height>
		<depth>3</depth>
	</size>
	<segmented>0</segmented>
	<object>
		<name>not_helmet</name>
		<pose>Unspecified</pose>
		<truncated>0</truncated>
		<difficult>0</difficult>
		<occluded>0</occluded>
		<bndbox>
			<xmin>31</xmin>
			<xmax>96</xmax>
			<ymin>6</ymin>
			<ymax>96</ymax>
		</bndbox>
	</object>
	<object>
		<name>not_reflective</name>
		<pose>Unspecified</pose>
		<truncated>0</truncated>
		<difficult>0</difficult>
		<occluded>0</occluded>
		<bndbox>
			<xmin>23</xmin>
			<xmax>106</xmax>
			<ymin>97</ymin>
			<ymax>224</ymax>
		</bndbox>
	</object>
</annotation>