<annotation>
	<folder />
	<filename>img_15_jpg.rf.836c15c8e8c0960bc8512e4860409901.jpg</filename>
	<path>img_15_jpg.rf.836c15c8e8c0960bc8512e4860409901.jpg</path>
	<source>
		<database>roboflow.ai</database>
	</source>
	<size>
		<width>224</width>
		<height>224</height>
		<depth>3</depth>
	</size>
	<segmented>0</segmented>
	<object>
		<name>not_helmet</name>
		<pose>Unspecified</pose>
		<truncated>0</truncated>
		<difficult>0</difficult>
		<occluded>0</occluded>
		<bndbox>
			<xmin>62</xmin>
			<xmax>156</xmax>
			<ymin>1</ymin>
			<ymax>137</ymax>
		</bndbox>
	</object>
	<object>
		<name>not_reflective</name>
		<pose>Unspecified</pose>
		<truncated>0</truncated>
		<difficult>0</difficult>
		<occluded>0</occluded>
		<bndbox>
			<xmin>8</xmin>
			<xmax>224</xmax>
			<ymin>133</ymin>
			<ymax>224</ymax>
		</bndbox>
	</object>
</annotation>