<annotation>
	<folder />
	<filename>img_07_jpg.rf.3d3547ba09c5a37f93c565a79294fdf0.jpg</filename>
	<path>img_07_jpg.rf.3d3547ba09c5a37f93c565a79294fdf0.jpg</path>
	<source>
		<database>roboflow.ai</database>
	</source>
	<size>
		<width>224</width>
		<height>224</height>
		<depth>3</depth>
	</size>
	<segmented>0</segmented>
	<object>
		<name>not_helmet</name>
		<pose>Unspecified</pose>
		<truncated>0</truncated>
		<difficult>0</difficult>
		<occluded>0</occluded>
		<bndbox>
			<xmin>53</xmin>
			<xmax>169</xmax>
			<ymin>6</ymin>
			<ymax>113</ymax>
		</bndbox>
	</object>
	<object>
		<name>not_reflective</name>
		<pose>Unspecified</pose>
		<truncated>0</truncated>
		<difficult>0</difficult>
		<occluded>0</occluded>
		<bndbox>
			<xmin>1</xmin>
			<xmax>225</xmax>
			<ymin>111</ymin>
			<ymax>224</ymax>
		</bndbox>
	</object>
</annotation>