<annotation>
	<folder />
	<filename>img_26_jpg.rf.1a041a6694fee1c36ec415da69fbe63e.jpg</filename>
	<path>img_26_jpg.rf.1a041a6694fee1c36ec415da69fbe63e.jpg</path>
	<source>
		<database>roboflow.ai</database>
	</source>
	<size>
		<width>224</width>
		<height>224</height>
		<depth>3</depth>
	</size>
	<segmented>0</segmented>
	<object>
		<name>not_reflective</name>
		<pose>Unspecified</pose>
		<truncated>0</truncated>
		<difficult>0</difficult>
		<occluded>0</occluded>
		<bndbox>
			<xmin>82</xmin>
			<xmax>191</xmax>
			<ymin>96</ymin>
			<ymax>225</ymax>
		</bndbox>
	</object>
	<object>
		<name>not_helmet</name>
		<pose>Unspecified</pose>
		<truncated>0</truncated>
		<difficult>0</difficult>
		<occluded>0</occluded>
		<bndbox>
			<xmin>116</xmin>
			<xmax>156</xmax>
			<ymin>13</ymin>
			<ymax>112</ymax>
		</bndbox>
	</object>
</annotation>