<annotation>
	<folder />
	<filename>img_27_jpg.rf.f59f24eaebd4b9053a49d7b68abe7a49.jpg</filename>
	<path>img_27_jpg.rf.f59f24eaebd4b9053a49d7b68abe7a49.jpg</path>
	<source>
		<database>roboflow.ai</database>
	</source>
	<size>
		<width>224</width>
		<height>224</height>
		<depth>3</depth>
	</size>
	<segmented>0</segmented>
	<object>
		<name>not_helmet</name>
		<pose>Unspecified</pose>
		<truncated>0</truncated>
		<difficult>0</difficult>
		<occluded>0</occluded>
		<bndbox>
			<xmin>73</xmin>
			<xmax>158</xmax>
			<ymin>13</ymin>
			<ymax>140</ymax>
		</bndbox>
	</object>
	<object>
		<name>not_reflective</name>
		<pose>Unspecified</pose>
		<truncated>0</truncated>
		<difficult>0</difficult>
		<occluded>0</occluded>
		<bndbox>
			<xmin>28</xmin>
			<xmax>212</xmax>
			<ymin>135</ymin>
			<ymax>224</ymax>
		</bndbox>
	</object>
</annotation>