<annotation>
	<folder />
	<filename>img_09_jpg.rf.20fee2bbfe0849ac3446251943f8da59.jpg</filename>
	<path>img_09_jpg.rf.20fee2bbfe0849ac3446251943f8da59.jpg</path>
	<source>
		<database>roboflow.ai</database>
	</source>
	<size>
		<width>224</width>
		<height>224</height>
		<depth>3</depth>
	</size>
	<segmented>0</segmented>
	<object>
		<name>not_helmet</name>
		<pose>Unspecified</pose>
		<truncated>0</truncated>
		<difficult>0</difficult>
		<occluded>0</occluded>
		<bndbox>
			<xmin>93</xmin>
			<xmax>139</xmax>
			<ymin>10</ymin>
			<ymax>88</ymax>
		</bndbox>
	</object>
	<object>
		<name>not_reflective</name>
		<pose>Unspecified</pose>
		<truncated>0</truncated>
		<difficult>0</difficult>
		<occluded>0</occluded>
		<bndbox>
			<xmin>78</xmin>
			<xmax>163</xmax>
			<ymin>86</ymin>
			<ymax>224</ymax>
		</bndbox>
	</object>
</annotation>