<annotation>
	<folder />
	<filename>img_05_jpg.rf.9db001f1511a59bee6c393f9f5546116.jpg</filename>
	<path>img_05_jpg.rf.9db001f1511a59bee6c393f9f5546116.jpg</path>
	<source>
		<database>roboflow.ai</database>
	</source>
	<size>
		<width>224</width>
		<height>224</height>
		<depth>3</depth>
	</size>
	<segmented>0</segmented>
	<object>
		<name>not_helmet</name>
		<pose>Unspecified</pose>
		<truncated>0</truncated>
		<difficult>0</difficult>
		<occluded>0</occluded>
		<bndbox>
			<xmin>70</xmin>
			<xmax>150</xmax>
			<ymin>0</ymin>
			<ymax>105</ymax>
		</bndbox>
	</object>
	<object>
		<name>not_reflective</name>
		<pose>Unspecified</pose>
		<truncated>0</truncated>
		<difficult>0</difficult>
		<occluded>0</occluded>
		<bndbox>
			<xmin>36</xmin>
			<xmax>206</xmax>
			<ymin>101</ymin>
			<ymax>224</ymax>
		</bndbox>
	</object>
</annotation>