<annotation>
	<folder />
	<filename>img_19_jpg.rf.3fefbcab0070269b6296eedcc52ea865.jpg</filename>
	<path>img_19_jpg.rf.3fefbcab0070269b6296eedcc52ea865.jpg</path>
	<source>
		<database>roboflow.ai</database>
	</source>
	<size>
		<width>224</width>
		<height>224</height>
		<depth>3</depth>
	</size>
	<segmented>0</segmented>
	<object>
		<name>not_reflective</name>
		<pose>Unspecified</pose>
		<truncated>0</truncated>
		<difficult>0</difficult>
		<occluded>0</occluded>
		<bndbox>
			<xmin>44</xmin>
			<xmax>225</xmax>
			<ymin>98</ymin>
			<ymax>225</ymax>
		</bndbox>
	</object>
	<object>
		<name>not_helmet</name>
		<pose>Unspecified</pose>
		<truncated>0</truncated>
		<difficult>0</difficult>
		<occluded>0</occluded>
		<bndbox>
			<xmin>86</xmin>
			<xmax>154</xmax>
			<ymin>21</ymin>
			<ymax>113</ymax>
		</bndbox>
	</object>
</annotation>