<annotation>
	<folder />
	<filename>img_21_jpg.rf.6a135495adca506e312462113b8ad253.jpg</filename>
	<path>img_21_jpg.rf.6a135495adca506e312462113b8ad253.jpg</path>
	<source>
		<database>roboflow.ai</database>
	</source>
	<size>
		<width>224</width>
		<height>224</height>
		<depth>3</depth>
	</size>
	<segmented>0</segmented>
	<object>
		<name>not_reflective</name>
		<pose>Unspecified</pose>
		<truncated>0</truncated>
		<difficult>0</difficult>
		<occluded>0</occluded>
		<bndbox>
			<xmin>42</xmin>
			<xmax>179</xmax>
			<ymin>143</ymin>
			<ymax>225</ymax>
		</bndbox>
	</object>
	<object>
		<name>not_helmet</name>
		<pose>Unspecified</pose>
		<truncated>0</truncated>
		<difficult>0</difficult>
		<occluded>0</occluded>
		<bndbox>
			<xmin>73</xmin>
			<xmax>143</xmax>
			<ymin>7</ymin>
			<ymax>147</ymax>
		</bndbox>
	</object>
</annotation>