<annotation>
	<folder />
	<filename>img_23_jpg.rf.94b25a0952cfe10a0bc62bb6fb377336.jpg</filename>
	<path>img_23_jpg.rf.94b25a0952cfe10a0bc62bb6fb377336.jpg</path>
	<source>
		<database>roboflow.ai</database>
	</source>
	<size>
		<width>224</width>
		<height>224</height>
		<depth>3</depth>
	</size>
	<segmented>0</segmented>
	<object>
		<name>not_helmet</name>
		<pose>Unspecified</pose>
		<truncated>0</truncated>
		<difficult>0</difficult>
		<occluded>0</occluded>
		<bndbox>
			<xmin>63</xmin>
			<xmax>87</xmax>
			<ymin>24</ymin>
			<ymax>77</ymax>
		</bndbox>
	</object>
	<object>
		<name>not_reflective</name>
		<pose>Unspecified</pose>
		<truncated>0</truncated>
		<difficult>0</difficult>
		<occluded>0</occluded>
		<bndbox>
			<xmin>45</xmin>
			<xmax>111</xmax>
			<ymin>72</ymin>
			<ymax>206</ymax>
		</bndbox>
	</object>
</annotation>