<annotation>
	<folder />
	<filename>img_25_jpg.rf.8e043b5b4c1f943e32605461b0edda97.jpg</filename>
	<path>img_25_jpg.rf.8e043b5b4c1f943e32605461b0edda97.jpg</path>
	<source>
		<database>roboflow.ai</database>
	</source>
	<size>
		<width>224</width>
		<height>224</height>
		<depth>3</depth>
	</size>
	<segmented>0</segmented>
	<object>
		<name>not_helmet</name>
		<pose>Unspecified</pose>
		<truncated>0</truncated>
		<difficult>0</difficult>
		<occluded>0</occluded>
		<bndbox>
			<xmin>76</xmin>
			<xmax>139</xmax>
			<ymin>10</ymin>
			<ymax>67</ymax>
		</bndbox>
	</object>
	<object>
		<name>not_reflective</name>
		<pose>Unspecified</pose>
		<truncated>0</truncated>
		<difficult>0</difficult>
		<occluded>0</occluded>
		<bndbox>
			<xmin>24</xmin>
			<xmax>215</xmax>
			<ymin>59</ymin>
			<ymax>216</ymax>
		</bndbox>
	</object>
</annotation>